Date,Like,Lock,Rating,Player,Salary,Pos,Order,Team,Opp,Min,Max,Proj,Ceiling,Floor,ProjplusMinus,Pts_Sal,LowProjOwn,HighProjOwn,"Imp Pts","Act Pts",wOBA,wOBADiff,ISO,ISODiff,SLG,SO_AB,HR_AB,SB_G,OppBP,Pro,My,Ump,Bargain,ParkF,Runs,OppRuns,ST,ML,O_U,MLPer,Rating_M,Temp,WindSpd,WindDir,Humidity,Precip,Cnt,Dist,EV,FB,GB,LD,HH,DistST,EVST,HHST,"Rec BBL",Air,CntPer,DistPer,EVM,FBM,GBM,LDM,HH<,GB_FB,AirPer,OppwOBA,OppISO,OppwOBAMonth,OppISOMonth,PPG,Change,plusMinus,Consistency,Upside,Duds,Count,PPGYear,ChangeYear,ConsistencyYear,UpsideYear,DudsYear,CountYear,ACountYear
3/30/2018," "," ",69.18,"Albert Almora (R)",3200,OF,1,CHC,"MIA - C Smith (L)"," "," ",6.9,21.1,1.7,0.16,2.2,9,12,6.74,,0.395,0.111,0.15,0.034,0.495,0.159,0.025,0.006,1,4,2,"-0.8nbsp;Hunter Wendelstedt",9,14,5.1,3.5,-0.1,-196,8.5,72,46,77,7,"Right To Left",0.64,2," "," "," ",nbsp;,nbsp;,nbsp;,nbsp;," "," "," "," "," ",117,199,89,29,50,20,29,63,2.79," "," "," "," ",6,0,-0.7,32,10,41,73," "," ",nbsp;,nbsp;,nbsp;," ",
3/30/2018," "," ",66.13,"Ketel Marte (S)",3500,SS,2,ARI,"COL - T Anderson (L)"," "," ",6.8,21.4,1.7,-0.37,1.9,5,8,7.17,,0.331,0.02,0.143,0.034,0.397,0.127,0.019,0.035,1,4,2,"-0.1nbsp;Eric Cooper",13,50,4.4,3.7,-0.4,-142,8,53,48,83,2,In,0.12,2," "," "," ",nbsp;,nbsp;,nbsp;,nbsp;," "," "," ",46," ",68,207,90,34,45,20,28,57,2.85,0.346,0.226," "," ",6.4,200,-0.4,35,10,39,64,3,200,0,0,100,1,
3/30/2018," "," ",65.76,"Mookie Betts (R)",4800,OF,1,BOS,"TB - B Snell (L)"," "," ",7.7,25.2,1.8,-1.3,1.6,5,8,9,,0.402,0.077,0.203,0.016,0.512,0.089,0.039,0.153,1,3,2,"+0.3nbsp;Lazaro Diaz",35,4,4.2,3.4,-0.1,-146,7.5,75,50,72,0,"NA - Closed Roof",0,0," "," "," ",nbsp;,nbsp;,nbsp;,nbsp;," "," "," ",46," ",153,210,90,42,40,16,35,48,3.2,0.308,0.156," "," ",9.5,-200,0.1,36,13,31,160,3,-200,0,0,100,1,
3/30/2018," "," ",65.47,"Josh Reddick (L)",3500,OF,2,HOU,"TEX - D Fister (R)"," "," ",7.7,24.7,1.9,0.53,2.2,9,12,7.17,,0.365,0.063,0.183,0.119,0.499,0.14,0.027,0.041,1,4,2,"Ron Kulpa",49,65,4.9,3.7,-0.7,-178,8.5,70,26,65,6,In,0.48,0," "," "," ",nbsp;,nbsp;,nbsp;,nbsp;," "," "," ",50," ",128,223,90,41,34,23,31,44,3.24,0.314,0.143," "," ",8.5,0,0.5,40,11,28,134,0,0,0,0,100,1,
3/30/2018," "," ",65.1,"Ender Inciarte (L)",3700,OF,1,ATL,"PHI - N Pivetta (R)"," "," ",7.7,24,1.9,0.25,2.1,9,12,7.45,,0.328,0.009,0.115,0.043,0.415,0.149,0.018,0.132,1,4,2,"-0.1nbsp;Greg Gibson",23,60,4.6,4.6,-0.2,-104,9,40,23,56,8,Out,0.59,0," "," "," ",nbsp;,nbsp;,nbsp;,nbsp;," "," "," ",2," ",154,194,88,28,48,22,22,63,2.85,0.355,0.204," "," ",8.2,0,0.4,42,13,32,153,7,0,0,0,0,1,
3/30/2018," "," ",65.1,"Ian Kinsler (R)",4100,2B,1,LAA,"OAK - S Manaea (L)"," "," ",7.6,25,1.8,-0.41,1.9,5,8,8.01,,0.377,0.091,0.261,0.117,0.539,0.122,0.038,0.087,1,3,2,"Lance Barksdale",23,23,4.6,4.6,0.1,-104,9,54,26,65,3,"To Right",0.63,3," "," "," ",nbsp;,nbsp;,nbsp;,nbsp;," "," "," "," "," ",137,219,91,46,32,20,37,41,3.34,0.329,0.159," "," ",7.9,0,0.1,39,16,37,138," "," ",nbsp;,nbsp;,nbsp;," ",
3/30/2018," "," ",64.81,"Kris Bryant (R)",5400,3B/OF,2,CHC,"MIA - C Smith (L)"," "," ",7.7,25.5,1.8,-2.14,1.4,9,12,9.84,,0.416,0.013,0.223,-0.033,0.521,0.198,0.055,0.04,1,4,2,"-0.8nbsp;Hunter Wendelstedt",17,14,5.1,3.5,-0.1,-196,8.5,72,46,77,7,"Right To Left",0.64,2," "," "," ",nbsp;,nbsp;,nbsp;,nbsp;," "," "," ",-45," ",146,220,90,42,37,19,32,47,3.35," "," "," "," ",9.4,100,0.2,38,12,30,163,11,100,100,0,0,1,
3/30/2018," "," ",64.55,"Brett Gardner (L)",3900,OF,1,NYY,"TOR - A Sanchez (R)"," "," ",8.3,28,1.9,0.57,2.1,9,12,7.73,,0.364,0.092,0.19,0.089,0.476,0.214,0.036,0.128,1,5,2,"-0.1nbsp;Paul Nauert",13,63,4.6,4,-0.3,-135,8.5,72,50,72,0,"NA - Closed Roof",0,0," "," "," ",nbsp;,nbsp;,nbsp;,nbsp;," "," "," ",-49," ",145,204,89,32,45,21,28,58,2.92,0.362,0.171," "," ",9.2,-200,0.9,39,16,27,154,16,-200,100,0,0,1,
3/30/2018," "," ",64.23,"Carlos Santana (S)",4200,1B,2,PHI,"ATL - M Foltynewicz (R)"," "," ",7.4,23.7,1.8,-0.75,1.8,9,12,8.15,,0.356,0.018,0.205,0.038,0.463,0.208,0.04,0.029,1,2,2,"-0.1nbsp;Greg Gibson",29,60,4.6,4.6,0.3,-104,9,60,23,56,8,Out,0.59,0," "," "," ",nbsp;,nbsp;,nbsp;,nbsp;," "," "," ",48," ",152,207,90,38,41,19,33,51,3.21,0.342,0.169," "," ",8,0,-0.3,40,11,37,158,2,0,0,0,100,1,
3/30/2018," "," ",64.07,"David Peralta (L)",4200,OF,1,ARI,"COL - T Anderson (L)"," "," ",7.6,25.3,1.8,-0.55,1.8,5,8,8.15,,0.312,-0.04,0.101,-0.069,0.372,0.171,0.027,0.048,1,5,2,"-0.1nbsp;Eric Cooper",2,53,4.4,3.7,-0.4,-142,8,53,48,83,2,In,0.12,2," "," "," ",nbsp;,nbsp;,nbsp;,nbsp;," "," "," ",-49," ",138,203,90,26,55,18,32,67,2.73,0.346,0.226," "," ",8.3,0,0.4,38,19,34,130,20,0,100,100,0,1,
3/30/2018," "," ",64.03,"Mike Trout (R)",5200,OF,2,LAA,"OAK - S Manaea (L)"," "," ",8,27.7,1.8,-1.56,1.5,13,16,9.56,,0.402,-0.066,0.185,-0.182,0.469,0.185,0.084,0.173,1,4,2,"Lance Barksdale",56,23,4.6,4.6,0.1,-104,9,54,26,65,3,"To Right",0.63,3," "," "," ",nbsp;,nbsp;,nbsp;,nbsp;," "," "," ",50," ",112,226,91,44,36,18,38,44,3.41,0.329,0.159," "," ",11.3,-200,1.5,55,12,24,116,0,-200,0,0,100,1,
3/30/2018," "," ",63.73,"Andrew Benintendi (L)",4300,OF,2,BOS,"TB - B Snell (L)"," "," ",7.2,23.1,1.7,-1.09,1.7,5,8,8.29,,0.284,-0.061,0.054,-0.124,0.288,0.207,0.036,0.118,1,3,2,"+0.3nbsp;Lazaro Diaz",9,23,4.2,3.4,-0.1,-146,7.5,75,50,72,0,"NA - Closed Roof",0,0," "," "," ",nbsp;,nbsp;,nbsp;,nbsp;," "," "," ",50," ",150,212,90,38,40,21,34,51,3.12,0.308,0.156," "," ",8.6,-300,0.2,38,14,33,149,0,-300,0,0,100,1,
3/30/2018," "," ",63.45,"Jake Smolinski (R)",2500,OF,2,OAK,"LAA - T Skaggs (L)"," "," ",4.2,10.4,1.2,-1.56,1.7,5,8,5.76,,0.474,0.328,0.091,0.091,0.545,0.091,0,0,1,2,2,"Lance Barksdale",49,23,4.6,4.6,0,-104,9,46,26,65,3,"To Right",0.63,3," "," "," ",nbsp;,nbsp;,nbsp;,nbsp;," "," "," ",0," ",10,212,90,42,47,9,33,52,3.17,0.339,0.176," "," ",3.7,0,-1.4,28,0,28,7," "," ",nbsp;,nbsp;,nbsp;," ",
3/30/2018," "," ",63.43,"Willson Contreras (R)",4800,C/OF,4,CHC,"MIA - C Smith (L)"," "," ",6.8,22,1.6,-2.2,1.4,9,12,9,,0.4,0.064,0.25,0.063,0.537,0.222,0.049,0.034,1,4,2,"-0.8nbsp;Hunter Wendelstedt",2,14,5.1,3.5,-0.1,-196,8.5,72,46,77,7,"Right To Left",0.64,2," "," "," ",nbsp;,nbsp;,nbsp;,nbsp;," "," "," ",2," ",108,195,90,28,54,17,35,65,2.75," "," "," "," ",8.7,0,0.9,33,19,33,107,7,0,0,0,0,1,
3/30/2018," "," ",63.38,"Jed Lowrie (S)",3500,2B,3,OAK,"LAA - T Skaggs (L)"," "," ",7.1,21.6,1.8,-0.07,2,5,8,7.17,,0.326,-0.024,0.14,-0.037,0.395,0.217,0.024,0,1,3,2,"Lance Barksdale",17,23,4.6,4.6,0,-104,9,46,26,65,3,"To Right",0.63,3," "," "," ",nbsp;,nbsp;,nbsp;,nbsp;," "," "," ",58," ",147,230,92,43,29,27,34,40,3.3,0.339,0.176," "," ",7.7,-300,0.6,43,15,31,146,6,-300,0,0,0,1,
3/30/2018," "," ",63.38,"Devon Travis (R)",3300,2B,1,TOR,"NYY - M Tanaka (R)"," "," ",6.9,22.7,1.6,0.02,2.1,2,4,6.88,,0.282,-0.129,0.151,-0.13,0.396,0.208,0.026,0.066,1,1,2,"-0.1nbsp;Paul Nauert",29,63,4,4.6,-0.2,125,8.5,28,50,72,0,"NA - Closed Roof",0,0," "," "," ",nbsp;,nbsp;,nbsp;,nbsp;," "," "," ",63," ",50,214,91,36,37,26,32,50,3.05,0.331,0.219," "," ",6.9,-100,-0.7,27,12,36,47,0,-100,0,0,100,1,
3/30/2018," "," ",63.24,"Didi Gregorius (L)",3900,SS,4,NYY,"TOR - A Sanchez (R)"," "," ",7.2,22.6,1.8,-0.53,1.8,9,12,7.73,,0.364,0.075,0.244,0.152,0.543,0.129,0.05,0.019,1,5,2,"-0.1nbsp;Paul Nauert",56,63,4.6,4,-0.3,-135,8.5,72,50,72,0,"NA - Closed Roof",0,0," "," "," ",nbsp;,nbsp;,nbsp;,nbsp;," "," "," ",49," ",136,206,88,43,36,19,22,45,3.3,0.362,0.171," "," ",8,-300,0.1,32,15,32,148,2,-300,0,0,100,1,
3/30/2018," "," ",62.84,"Anthony Rizzo (L)",5200,1B,3,CHC,"MIA - C Smith (L)"," "," ",7.5,24.8,1.8,-2.06,1.4,9,12,9.56,,0.382,-0.013,0.259,0.018,0.517,0.147,0.059,0.057,1,4,2,"-0.8nbsp;Hunter Wendelstedt",42,1,5.1,3.5,-0.1,-196,8.5,72,46,77,7,"Right To Left",0.64,2," "," "," ",nbsp;,nbsp;,nbsp;,nbsp;," "," "," ",-38," ",155,213,91,39,40,19,34,51,3.22," "," "," "," ",9.5,0,0.2,38,13,32,168,18,0,100,0,0,1,
3/30/2018," "," ",62.76,"Chris Taylor (R)",4200,OF,1,LAD,"SF - J Cueto (R)"," "," ",7.6,25.6,1.8,-0.55,1.8,2,4,8.15,,0.356,-0.002,0.201,0.017,0.482,0.273,0.038,0.108,1,3,2,"Jim Reynolds",29,28,4,3.1,-0.1,-160,7,57,30,66,2,"To Left",0.54,3," "," "," ",nbsp;,nbsp;,nbsp;,nbsp;," "," "," ",50," ",134,212,91,35,41,22,32,53,2.97,0.348,0.193," "," ",8.8,400,0.8,38,17,33,136,0,400,0,0,100,1,
3/30/2018," "," ",62.73,"Ozzie Albies (S)",3600,2B/SS,2,ATL,"PHI - N Pivetta (R)"," "," ",7.2,22.1,1.8,-0.11,2,9,12,7.31,,0.331,-0.06,0.184,0.002,0.448,0.19,0.032,0.131,1,6,2,"-0.1nbsp;Greg Gibson",42,60,4.6,4.6,-0.2,-104,9,40,23,56,8,Out,0.59,0," "," "," ",nbsp;,nbsp;,nbsp;,nbsp;," "," "," ",-14," ",56,227,91,40,41,18,33,50,3.28,0.355,0.204," "," ",9,0,2.4,51,25,29,54,14,0,100,0,0,1,
3/30/2018," "," ",62.72,"Hanley Ramirez (R)",3500,1B,3,BOS,"TB - B Snell (L)"," "," ",6.5,19.8,1.6,-0.67,1.9,5,8,7.17,,0.278,-0.054,0.183,-0.003,0.356,0.269,0.046,0.006,1,3,2,"+0.3nbsp;Lazaro Diaz",42,4,4.2,3.4,-0.1,-146,7.5,75,50,72,0,"NA - Closed Roof",0,0," "," "," ",nbsp;,nbsp;,nbsp;,nbsp;," "," "," ",49," ",126,214,90,37,41,21,35,53,3.13,0.308,0.156," "," ",7.4,-100,-0.6,32,15,40,131,2,-100,0,0,100,1,
3/30/2018," "," ",62.65,"Jose Altuve (R)",5100,2B,3,HOU,"TEX - D Fister (R)"," "," ",8.3,27.4,2,-1.12,1.6,13,16,9.42,,0.402,-0.015,0.2,-0.012,0.54,0.146,0.042,0.183,1,5,2,"Ron Kulpa",35,44,4.9,3.7,-0.7,-178,8.5,70,26,65,6,In,0.48,0," "," "," ",nbsp;,nbsp;,nbsp;,nbsp;," "," "," ",20," ",151,201,89,32,47,20,28,59,2.9,0.314,0.143," "," ",10.2,-100,0.7,42,15,27,164,6,-100,0,0,0,1,
3/30/2018," "," ",62.12,"Justin Upton (R)",4500,OF,3,LAA,"OAK - S Manaea (L)"," "," ",7.6,25.9,1.8,-0.98,1.7,9,12,8.58,,0.479,0.128,0.387,0.153,0.734,0.226,0.063,0.084,1,3,2,"Lance Barksdale",23,23,4.6,4.6,0.1,-104,9,54,26,65,3,"To Right",0.63,3," "," "," ",nbsp;,nbsp;,nbsp;,nbsp;," "," "," ",50," ",147,227,92,43,36,19,40,45,3.25,0.329,0.159," "," ",9.4,-200,1.1,43,16,33,151,0,-200,0,0,100,1,
3/30/2018," "," ",62.03,"George Springer (R)",4900,OF,1,HOU,"TEX - D Fister (R)"," "," ",8.3,27.8,2,-0.84,1.7,13,16,9.14,,0.372,-0.029,0.245,0.001,0.529,0.219,0.065,0.03,1,5,2,"Ron Kulpa",23,44,4.9,3.7,-0.7,-178,8.5,70,26,65,6,In,0.48,0," "," "," ",nbsp;,nbsp;,nbsp;,nbsp;," "," "," ",-49," ",138,209,90,33,48,17,36,59,3.01,0.314,0.143," "," ",9.7,0,0.6,39,14,31,151,16,0,100,0,0,1,
3/30/2018," "," ",61.88,"Eric Sogard (L)",3000,2B,1,MIL,"SD - J Lucchesi (L)"," "," ",6.6,19.2,1.7,0.14,2.2,2,4,6.46,,0.344,-0.006,0.143,0.046,0.429,0.262,0.012,0.025,1,2,2,"-0.3nbsp;Mark Carlson",29,42,4.2,3.9,0,-122,8,61,23,63,2,"From Left",0.71,2," "," "," ",nbsp;,nbsp;,nbsp;,nbsp;," "," "," "," "," ",79,200,89,31,40,27,26,55,3.05," "," "," "," ",6.8,0,-0.1,40,13,33,59," "," ",nbsp;,nbsp;,nbsp;," ",
3/30/2018," "," ",61.75,"Corey Seager (L)",4400,SS,2,LAD,"SF - J Cueto (R)"," "," ",7.2,23.2,1.7,-1.23,1.6,2,4,8.43,,0.361,-0.029,0.178,-0.029,0.462,0.24,0.042,0.024,1,3,2,"Jim Reynolds",42,45,4,3.1,-0.1,-160,7,57,30,66,2,"To Left",0.54,3," "," "," ",nbsp;,nbsp;,nbsp;,nbsp;," "," "," ",50," ",142,221,92,33,42,24,44,55,2.92,0.348,0.193," "," ",8.7,300,0,34,13,32,142,0,300,0,0,100,1,
3/30/2018," "," ",61.58,"Cesar Hernandez (S)",3800,2B,1,PHI,"ATL - M Foltynewicz (R)"," "," ",7.5,23.2,1.9,-0.09,2,9,12,7.59,,0.354,0.005,0.117,-0.064,0.422,0.239,0.02,0.109,1,2,2,"-0.1nbsp;Greg Gibson",17,60,4.6,4.6,0.3,-104,9,60,23,56,8,Out,0.59,0," "," "," ",nbsp;,nbsp;,nbsp;,nbsp;," "," "," ",-49," ",126,193,88,24,54,21,22,69,2.61,0.342,0.169," "," ",8.3,-100,0.9,49,16,24,124,17,-100,100,100,0,1,
3/30/2018," "," ",61.56,"Marcus Semien (R)",3600,3B/SS,1,OAK,"LAA - T Skaggs (L)"," "," ",7.5,24.2,1.8,0.19,2.1,9,12,7.31,,0.293,-0.037,0.144,-0.016,0.371,0.258,0.03,0.132,1,3,2,"Lance Barksdale",35,23,4.6,4.6,0,-104,9,46,26,65,3,"To Right",0.63,3," "," "," ",nbsp;,nbsp;,nbsp;,nbsp;," "," "," ",-49," ",85,219,90,42,37,20,30,47,3.3,0.339,0.176," "," ",8.3,0,0.8,46,20,29,86,17,0,100,100,0,1,
3/30/2018," "," ",61.2,"Charlie Blackmon (L)",5000,OF,1,COL,"ARI - R Ray (L)"," "," ",7.4,25.2,1.7,-1.88,1.5,2,4,9.28,,0.395,-0.026,0.223,-0.057,0.549,0.17,0.054,0.084,1,3,2,"-0.1nbsp;Eric Cooper",17,53,3.7,4.4,-0.1,131,8,47,48,83,2,In,0.12,2," "," "," ",nbsp;,nbsp;,nbsp;,nbsp;," "," "," ",42," ",158,226,92,36,41,22,39,52,3.09,0.283,0.157," "," ",11.1,300,1.4,50,20,29,161,4,300,0,0,100,1,
3/30/2018," "," ",61.16,"Christian Yelich (L)",4400,OF,1,MIL,"SD - J Lucchesi (L)"," "," ",7.5,24.7,1.8,-0.93,1.7,5,8,8.43,,0.315,-0.049,0.129,-0.043,0.394,0.206,0.031,0.098,1,2,2,"-0.3nbsp;Mark Carlson",29,42,4.2,3.9,0,-122,8,61,23,63,2,"From Left",0.71,2," "," "," ",nbsp;,nbsp;,nbsp;,nbsp;," "," "," ",2," ",151,205,91,25,55,19,35,68,2.64," "," "," "," ",8.5,-100,0.6,43,18,30,155,7,-100,0,0,0,1,
3/30/2018," "," ",61.15,"Paul Goldschmidt (R)",5000,1B,3,ARI,"COL - T Anderson (L)"," "," ",8,27.5,1.8,-1.28,1.6,9,12,9.28,,0.43,0.022,0.287,0.021,0.597,0.209,0.066,0.108,1,5,2,"-0.1nbsp;Eric Cooper",49,50,4.4,3.7,-0.4,-142,8,53,48,83,2,In,0.12,2," "," "," ",nbsp;,nbsp;,nbsp;,nbsp;," "," "," ",-17," ",151,229,94,34,46,18,44,56,3.05,0.346,0.226," "," ",10.5,100,0.9,48,10,24,158,8,100,0,0,0,1,
3/30/2018," "," ",61.14,"Aaron Judge (R)",5100,OF,2,NYY,"TOR - A Sanchez (R)"," "," ",8.5,28.2,2,-0.92,1.7,13,16,9.42,,0.44,0.047,0.36,0.123,0.65,0.379,0.094,0.05,1,5,2,"-0.1nbsp;Paul Nauert",23,63,4.6,4,-0.3,-135,8.5,72,50,72,0,"NA - Closed Roof",0,0," "," "," ",nbsp;,nbsp;,nbsp;,nbsp;," "," "," ",-47," ",147,245,95,43,34,21,45,44,3.47,0.362,0.171," "," ",11.2,0,1.7,41,19,27,165,12,0,100,0,0,1,
3/30/2018," "," ",60.93,"Domingo Santana (R)",4000,OF,2,MIL,"SD - J Lucchesi (L)"," "," ",7.3,24.5,1.7,-0.57,1.8,5,8,7.87,,0.379,0.005,0.216,-0.014,0.5,0.299,0.057,0.091,1,2,2,"-0.3nbsp;Mark Carlson",35,0,4.2,3.9,0,-122,8,61,23,63,2,"From Left",0.71,2," "," "," ",nbsp;,nbsp;,nbsp;,nbsp;," "," "," ",46," ",142,221,93,27,44,27,39,61,2.71," "," "," "," ",9,100,1,45,21,29,139,6,100,0,0,0,1,
3/30/2018," "," ",60.78,"A.J. Pollock (R)",4600,OF,4,ARI,"COL - T Anderson (L)"," "," ",7.4,25,1.7,-1.32,1.6,9,12,8.72,,0.361,0.025,0.25,0.066,0.529,0.093,0.034,0.161,1,5,2,"-0.1nbsp;Eric Cooper",17,50,4.4,3.7,-0.4,-142,8,53,48,83,2,In,0.12,2," "," "," ",nbsp;,nbsp;,nbsp;,nbsp;," "," "," ",2," ",109,205,90,32,44,23,35,58,2.94,0.346,0.226," "," ",9.4,100,1,44,16,24,106,7,100,0,0,0,1,
3/30/2018," "," ",60.71,"Gary Sanchez (R)",4700,C,5,NYY,"TOR - A Sanchez (R)"," "," ",7.2,22.9,1.8,-1.66,1.5,9,12,8.86,,0.369,-0.005,0.248,-0.011,0.53,0.259,0.07,0.013,1,5,2,"-0.1nbsp;Paul Nauert",29,63,4.6,4,-0.3,-135,8.5,72,50,72,0,"NA - Closed Roof",0,0," "," "," ",nbsp;,nbsp;,nbsp;,nbsp;," "," "," ",9," ",118,211,90,36,42,21,36,53,3.18,0.362,0.171," "," ",9.5,0,0.5,36,18,34,132,7,0,0,0,0,1,
3/30/2018," "," ",60.29,"Alex Bregman (R)",4500,3B,5,HOU,"TEX - D Fister (R)"," "," ",7.5,24.5,1.8,-1.08,1.7,9,12,8.58,,0.334,-0.085,0.182,-0.061,0.451,0.185,0.037,0.097,1,5,2,"Ron Kulpa",23,44,4.9,3.7,-0.7,-178,8.5,70,26,65,6,In,0.48,0," "," "," ",nbsp;,nbsp;,nbsp;,nbsp;," "," "," ",2," ",153,213,90,39,38,21,32,49,3.24,0.314,0.143," "," ",8.3,-100,0.4,39,13,26,161,7,-100,0,0,0,1,
3/30/2018," "," ",59.95,"J.D. Martinez (R)",4600,OF,4,BOS,"TB - B Snell (L)"," "," ",7.1,22.6,1.7,-1.62,1.5,9,12,8.72,,0.569,0.16,0.527,0.174,0.912,0.275,0.107,0.029,1,3,2,"+0.3nbsp;Lazaro Diaz",63,4,4.2,3.4,-0.1,-146,7.5,75,50,72,0,"NA - Closed Roof",0,0," "," "," ",nbsp;,nbsp;,nbsp;,nbsp;," "," "," ",87," ",116,241,94,42,38,18,48,47,3.29,0.308,0.156," "," ",11,-200,1.9,43,20,31,122,4,-200,0,0,100,1,
3/30/2018," "," ",59.72,"Manuel Margot (R)",3300,OF,1,SD,"MIL - J Chacin (R)"," "," ",6.9,21,1.7,0.02,2.1,5,8,6.88,,0.288,-0.062,0.121,-0.073,0.37,0.229,0.025,0.126,1,1,2,"-0.3nbsp;Mark Carlson",23,0,3.9,4.2,0,113,8,39,23,63,2,"From Left",0.71,2," "," "," ",nbsp;,nbsp;,nbsp;,nbsp;," "," "," ",34," ",122,202,88,35,41,22,25,53,3.05,0.302,0.138," "," ",7.2,-100,0,40,20,44,122,5,-100,0,0,0,1,
3/30/2018," "," ",59.58,"Kyle Schwarber (L)",4500,OF,5,CHC,"MIA - C Smith (L)"," "," ",6.6,21,1.6,-1.98,1.5,5,8,8.58,,0.278,-0.071,0.139,-0.142,0.304,0.418,0.069,0.006,1,4,2,"-0.8nbsp;Hunter Wendelstedt",35,1,5.1,3.5,-0.1,-196,8.5,72,46,77,7,"Right To Left",0.64,2," "," "," ",nbsp;,nbsp;,nbsp;,nbsp;," "," "," ",-49," ",112,215,90,45,38,15,36,45,3.5," "," "," "," ",7.9,-100,-0.2,35,14,40,117,16,-100,100,0,0,1,
3/30/2018," "," ",59.5,"Neil Walker (S)",3400,2B,6,NYY,"TOR - A Sanchez (R)"," "," ",6.5,20.7,1.6,-0.52,1.9,5,8,7.02,,0.371,0.082,0.202,0.119,0.485,0.195,0.037,0,1,4,2,"-0.1nbsp;Paul Nauert",35,63,4.6,4,-0.3,-135,8.5,72,50,72,0,"NA - Closed Roof",0,0," "," "," ",nbsp;,nbsp;,nbsp;,nbsp;," "," "," ",34," ",104,215,90,41,36,21,32,46,3.2,0.362,0.171," "," ",7.5,400,0,36,14,32,102,5,400,0,0,0,1,
3/30/2018," "," ",59.5,"Odubel Herrera (L)",3600,2B/OF,3,PHI,"ATL - M Foltynewicz (R)"," "," ",7,22.1,1.7,-0.31,1.9,5,8,7.31,,0.336,0.012,0.172,-0.004,0.456,0.23,0.027,0.054,1,2,2,"-0.1nbsp;Greg Gibson",4,60,4.6,4.6,0.3,-104,9,60,23,56,8,Out,0.59,0," "," "," ",nbsp;,nbsp;,nbsp;,nbsp;," "," "," "," "," ",135,200,88,34,45,20,29,56,2.93,0.342,0.169," "," ",7.5,0,0.2,41,14,39,128," "," ",nbsp;,nbsp;,nbsp;," ",
3/30/2018," "," ",59.33,"Kurt Suzuki (R)",3000,C,5,ATL,"PHI - N Pivetta (R)"," "," ",6.2,18.2,1.6,-0.26,2.1,5,8,6.46,,0.336,-0.109,0.187,-0.178,0.453,0.154,0.058,0,1,5,2,"-0.1nbsp;Greg Gibson",17,28,4.6,4.6,-0.2,-104,9,40,23,56,8,Out,0.59,0," "," "," ",nbsp;,nbsp;,nbsp;,nbsp;," "," "," "," "," ",78,213,90,46,35,17,33,43,3.44,0.355,0.204," "," ",8.9,0,2.2,43,26,30,69," "," ",nbsp;,nbsp;,nbsp;," ",
3/30/2018," "," ",58.98,"Matt Olson (L)",4400,OF,5,OAK,"LAA - T Skaggs (L)"," "," ",6.4,21.7,1.5,-2.03,1.5,5,8,8.43,,0.33,-0.133,0.273,-0.182,0.477,0.273,0.132,0,1,4,2,"Lance Barksdale",13,8,4.6,4.6,0,-104,9,46,26,65,3,"To Right",0.63,3," "," "," ",nbsp;,nbsp;,nbsp;,nbsp;," "," "," ",-20," ",53,223,93,44,39,15,40,46,3.44,0.339,0.176," "," ",10.8,-100,3.5,53,31,31,47,14,-100,100,0,0,1,
3/30/2018," "," ",58.84,"Justin Smoak (S)",3700,1B,3,TOR,"NYY - M Tanaka (R)"," "," ",7.1,22.6,1.7,-0.35,1.9,2,4,7.45,,0.361,-0.052,0.263,0.027,0.516,0.256,0.069,0,1,1,2,"-0.1nbsp;Paul Nauert",42,63,4,4.6,-0.2,125,8.5,28,50,72,0,"NA - Closed Roof",0,0," "," "," ",nbsp;,nbsp;,nbsp;,nbsp;," "," "," ",49," ",152,234,93,44,34,21,39,43,3.41,0.331,0.219," "," ",8.5,-200,0.4,42,16,36,148,2,-200,0,0,100,1,
3/30/2018," "," ",58.81,"Giancarlo Stanton (R)",5300,OF,3,NYY,"TOR - A Sanchez (R)"," "," ",8.3,28.2,1.9,-1.4,1.6,13,16,9.7,,0.403,-0.114,0.337,-0.107,0.613,0.295,0.101,0.012,1,5,2,"-0.1nbsp;Paul Nauert",35,63,4.6,4,-0.3,-135,8.5,72,50,72,0,"NA - Closed Roof",0,0," "," "," ",nbsp;,nbsp;,nbsp;,nbsp;," "," "," ",-49," ",152,217,91,39,44,16,38,53,3.26,0.362,0.171," "," ",11.1,0,1.9,42,22,32,154,39,0,100,100,0,1,
3/30/2018," "," ",58.74,"Chris Owings (R)",3300,OF/SS,5,ARI,"COL - T Anderson (L)"," "," ",6.8,22.8,1.6,-0.08,2.1,5,8,6.88,,0.29,-0.034,0.155,-0.029,0.405,0.238,0.034,0.112,1,4,2,"-0.1nbsp;Eric Cooper",35,50,4.4,3.7,-0.4,-142,8,53,48,83,2,In,0.12,2," "," "," ",nbsp;,nbsp;,nbsp;,nbsp;," "," "," "," "," ",91,208,90,34,43,21,31,55,3.04,0.346,0.226," "," ",8,0,0.1,38,13,31,90," "," ",nbsp;,nbsp;,nbsp;," ",
3/30/2018," "," ",58.47,"Keon Broxton (R)",3500,OF,2,MIL,"SD - J Lucchesi (L)"," "," ",7.1,24,1.7,-0.07,2,5,8,7.17,,0.347,0.043,0.231,0.031,0.471,0.394,0.05,0.13,1,2,2,"-0.3nbsp;Mark Carlson",50,0,4.2,3.9,0,-122,8,61,23,63,2,"From Left",0.71,2," "," "," ",nbsp;,nbsp;,nbsp;,nbsp;," "," "," "," "," ",117,218,91,33,46,20,34,57,2.99," "," "," "," ",7.2,0,-0.2,35,16,42,112," "," ",nbsp;,nbsp;,nbsp;," ",
3/30/2018," "," ",58.41,"Wil Myers (R)",3900,1B/OF,2,SD,"MIL - J Chacin (R)"," "," ",7.2,24.2,1.7,-0.53,1.8,5,8,7.73,,0.336,-0.003,0.227,0.02,0.473,0.312,0.052,0.123,1,1,2,"-0.3nbsp;Mark Carlson",35,0,3.9,4.2,0,113,8,39,23,63,2,"From Left",0.71,2," "," "," ",nbsp;,nbsp;,nbsp;,nbsp;," "," "," ",81," ",151,224,92,42,37,19,41,47,3.32,0.302,0.138," "," ",8,-100,0.1,39,14,36,154,0,-100,0,0,100,1,
3/30/2018," "," ",58.36,"Marwin Gonzalez (S)",3800,3B/OF,6,HOU,"TEX - D Fister (R)"," "," ",7.1,23,1.7,-0.49,1.9,5,8,7.59,,0.418,0.085,0.238,0.02,0.578,0.223,0.051,0.046,1,4,2,"Ron Kulpa",23,65,4.9,3.7,-0.7,-178,8.5,70,26,65,6,In,0.48,0," "," "," ",nbsp;,nbsp;,nbsp;,nbsp;," "," "," ",34," ",125,205,90,36,44,19,32,55,3.11,0.314,0.143," "," ",8.8,0,0.8,39,15,27,133,5,0,0,0,0,1,
3/30/2018," "," ",58.34,"Cody Bellinger (L)",4400,1B/OF,3,LAD,"SF - J Cueto (R)"," "," ",7.5,25.5,1.7,-0.93,1.7,2,4,8.43,,0.399,0.017,0.324,0.004,0.59,0.33,0.084,0.068,1,3,2,"Jim Reynolds",63,45,4,3.1,-0.1,-160,7,57,30,66,2,"To Left",0.54,3," "," "," ",nbsp;,nbsp;,nbsp;,nbsp;," "," "," ",50," ",128,233,93,46,36,17,42,44,3.5,0.348,0.193," "," ",9.9,400,1,39,16,34,138,0,400,0,0,100,1,
3/30/2018," "," ",58.24,"Travis Shaw (L)",4300,1B/3B,3,MIL,"SD - J Lucchesi (L)"," "," ",7.1,23.6,1.7,-1.19,1.7,5,8,8.29,,0.324,-0.055,0.23,-0.019,0.468,0.302,0.059,0.061,1,2,2,"-0.3nbsp;Mark Carlson",17,42,4.2,3.9,0,-122,8,61,23,63,2,"From Left",0.71,2," "," "," ",nbsp;,nbsp;,nbsp;,nbsp;," "," "," ",34," ",139,221,91,37,43,19,37,53,3.15," "," "," "," ",8.9,-200,0.8,42,20,33,142,5,-200,0,0,0,1,
3/30/2018," "," ",58.21,"Khris Davis (R)",4100,OF,4,OAK,"LAA - T Skaggs (L)"," "," ",7.3,23.7,1.8,-0.71,1.8,9,12,8.01,,0.335,-0.035,0.231,-0.058,0.446,0.347,0.076,0.024,1,3,2,"Lance Barksdale",23,23,4.6,4.6,0,-104,9,46,26,65,3,"To Right",0.63,3," "," "," ",nbsp;,nbsp;,nbsp;,nbsp;," "," "," ",-10," ",145,232,93,42,38,19,41,47,3.41,0.339,0.176," "," ",9.1,-100,1,43,19,35,151,23,-100,100,100,0,1,
3/30/2018," "," ",57.96,"Stephen Piscotty (R)",3300,OF,6,OAK,"LAA - T Skaggs (L)"," "," ",6,17.5,1.5,-0.88,1.8,2,4,6.88,,0.32,0.013,0.109,-0.029,0.344,0.25,0.027,0.023,1,2,2,"Lance Barksdale",9,23,4.6,4.6,0,-104,9,46,26,65,3,"To Right",0.63,3," "," "," ",nbsp;,nbsp;,nbsp;,nbsp;," "," "," ",49," ",99,207,91,33,49,17,33,59,2.91,0.339,0.176," "," ",6.5,-100,-1,35,7,46,93,2,-100,0,0,100,1,
3/30/2018," "," ",57.86,"Freddie Freeman (L)",4500,1B,3,ATL,"PHI - N Pivetta (R)"," "," ",7.4,24.7,1.7,-1.18,1.6,9,12,8.58,,0.431,0.055,0.287,0.035,0.6,0.203,0.064,0.065,1,4,2,"-0.1nbsp;Greg Gibson",75,60,4.6,4.6,-0.2,-104,9,40,23,56,8,Out,0.59,0," "," "," ",nbsp;,nbsp;,nbsp;,nbsp;," "," "," ",-49," ",115,239,93,40,34,24,37,46,3.28,0.355,0.204," "," ",10.3,-300,1.3,46,16,25,116,26,-300,100,100,0,1,
3/30/2018," "," ",57.75,"Josh Donaldson (R)",4100,3B,2,TOR,"NYY - M Tanaka (R)"," "," ",7.4,23.8,1.8,-0.61,1.8,5,8,8.01,,0.382,-0.034,0.255,-0.114,0.516,0.274,0.077,0.016,1,1,2,"-0.1nbsp;Paul Nauert",63,63,4,4.6,-0.2,125,8.5,28,50,72,0,"NA - Closed Roof",0,0," "," "," ",nbsp;,nbsp;,nbsp;,nbsp;," "," "," ",2," ",110,214,91,42,41,16,36,49,3.35,0.331,0.219," "," ",9.4,0,0.8,40,20,38,113,7,0,0,0,0,1,
3/30/2018," "," ",57.46,"Hernan Perez (R)",3200,3B/OF,3,MIL,"SD - J Lucchesi (L)"," "," ",6.4,19.3,1.6,-0.34,2,2,4,6.74,,0.34,0.053,0.127,-0.031,0.449,0.169,0.03,0.079,1,2,2,"-0.3nbsp;Mark Carlson",17,0,4.2,3.9,0,-122,8,61,23,63,2,"From Left",0.71,2," "," "," ",nbsp;,nbsp;,nbsp;,nbsp;," "," "," "," "," ",122,195,89,33,49,17,30,59,2.91," "," "," "," ",7.5,0,0.1,36,14,40,97," "," ",nbsp;,nbsp;,nbsp;," ",
3/30/2018," "," ",57.44,"Lewis Brinson (R)",3300,OF,1,MIA,"CHC - K Hendricks (R)"," "," ",6.3,20.6,1.5,-0.58,1.9,2,4,6.88,,0.109,-0.377,0,-0.667,0,0.25,0.095,0.038,1,1,2,"-0.8nbsp;Hunter Wendelstedt",17,14,3.5,5.1,0.1,180,8.5,28,46,77,7,"Right To Left",0.64,2," "," "," ",nbsp;,nbsp;,nbsp;,nbsp;," "," "," ",50," ",17,205,92,25,55,18,37,68,2.65,0.291,0.131," "," ",5,200,-1.3,33,16,66,12,0,200,0,0,100,1,
3/30/2018," "," ",57.38,"Evan Gattis (R)",3700,C,7,HOU,"TEX - D Fister (R)"," "," ",6.2,17.9,1.6,-1.25,1.7,5,8,7.45,,0.326,0.052,0.167,0.004,0.438,0.162,0.034,0,1,4,2,"Ron Kulpa",23,44,4.9,3.7,-0.7,-178,8.5,70,26,65,6,In,0.48,0," "," "," ",nbsp;,nbsp;,nbsp;,nbsp;," "," "," ",49," ",81,206,90,42,36,21,33,46,3.24,0.314,0.143," "," ",7.5,400,0,33,14,38,84,2,400,0,0,100,1,
3/30/2018," "," ",57.32,"Aaron Altherr (R)",3500,OF,5,PHI,"ATL - M Foltynewicz (R)"," "," ",6.5,20.4,1.6,-0.67,1.9,5,8,7.17,,0.373,0.03,0.233,-0.026,0.526,0.308,0.05,0.042,1,2,2,"-0.1nbsp;Greg Gibson",23,28,4.6,4.6,0.3,-104,9,60,23,56,8,Out,0.59,0," "," "," ",nbsp;,nbsp;,nbsp;,nbsp;," "," "," ",2," ",99,207,90,37,43,19,36,53,3.09,0.342,0.169," "," ",8.8,-200,1.2,45,23,34,93,7,-200,0,0,0,1,
3/30/2018," "," ",57.28,"Addison Russell (R)",3900,2B/SS,6,CHC,"MIA - C Smith (L)"," "," ",6.1,18.9,1.5,-1.63,1.6,2,4,7.73,,0.361,0.069,0.186,0.002,0.453,0.279,0.035,0.015,1,3,2,"-0.8nbsp;Hunter Wendelstedt",29,14,5.1,3.5,-0.1,-196,8.5,72,46,77,7,"Right To Left",0.64,2," "," "," ",nbsp;,nbsp;,nbsp;,nbsp;," "," "," ",-49," ",99,213,90,36,40,22,32,52,3.19," "," "," "," ",7,400,-0.2,32,15,40,104,17,400,100,100,0,1,
3/30/2018," "," ",57.25,"Enrique Hernandez (R)",3400,OF/SS,4,LAD,"SF - J Cueto (R)"," "," ",6.3,19.6,1.6,-0.72,1.9,2,4,7.02,,0.231,-0.156,0.096,-0.2,0.257,0.316,0.038,0.017,1,3,2,"Jim Reynolds",9,28,4,3.1,-0.1,-160,7,57,30,66,2,"To Left",0.54,3," "," "," ",nbsp;,nbsp;,nbsp;,nbsp;," "," "," ",42," ",116,215,91,39,41,18,39,51,3.23,0.348,0.193," "," ",6.6,200,-0.2,35,16,35,79,4,200,0,0,0,1,
3/30/2018," "," ",57.2,"Delino DeShields (R)",3400,OF,1,TEX,"HOU - D Keuchel (L)"," "," ",7.1,21.5,1.8,0.08,2.1,2,4,7.02,,0.336,0.029,0.162,0.093,0.419,0.342,0.016,0.181,1,1,2,"Ron Kulpa",23,44,3.7,4.9,-0.3,164,8.5,30,26,65,6,In,0.48,0," "," "," ",nbsp;,nbsp;,nbsp;,nbsp;," "," "," ",50," ",103,188,89,31,50,17,24,61,2.9,0.273,0.118," "," ",7.8,-100,0.4,45,10,31,103,0,-100,0,0,100,1,
3/30/2018," "," ",57.07,"Nick Markakis (L)",3300,OF,4,ATL,"PHI - N Pivetta (R)"," "," ",6.6,19.2,1.7,-0.28,2,5,8,6.88,,0.33,0.009,0.103,-0.033,0.386,0.184,0.013,0,1,4,2,"-0.1nbsp;Greg Gibson",9,60,4.6,4.6,-0.2,-104,9,40,23,56,8,Out,0.59,0," "," "," ",nbsp;,nbsp;,nbsp;,nbsp;," "," "," ",-49," ",156,204,90,29,48,22,33,62,2.76,0.355,0.204," "," ",7,-100,-0.2,41,10,34,153,18,-100,100,100,0,1,
3/30/2018," "," ",57.03,"Ryan Braun (R)",4200,OF,4,MIL,"SD - J Lucchesi (L)"," "," ",6.5,20.6,1.6,-1.65,1.5,5,8,8.15,,0.342,0.003,0.241,0.034,0.483,0.115,0.045,0.094,1,2,2,"-0.3nbsp;Mark Carlson",9,0,4.2,3.9,0,-122,8,61,23,63,2,"From Left",0.71,2," "," "," ",nbsp;,nbsp;,nbsp;,nbsp;," "," "," ",49," ",100,206,91,32,49,18,38,60,2.94," "," "," "," ",8.6,-100,0,40,14,33,99,2,-100,0,0,100,1,
3/30/2018," "," ",56.9,"Ben Zobrist (S)",3500,2B/OF,7,CHC,"MIA - C Smith (L)"," "," ",5.8,16.7,1.5,-1.37,1.7,2,4,7.17,,0.24,-0.073,0.111,-0.028,0.283,0.172,0.024,0.012,1,3,2,"-0.8nbsp;Hunter Wendelstedt",6,14,5.1,3.5,-0.1,-196,8.5,72,46,77,7,"Right To Left",0.64,2," "," "," ",nbsp;,nbsp;,nbsp;,nbsp;," "," "," "," "," ",123,201,90,33,51,15,32,60,2.87," "," "," "," ",6.9,0,-0.7,33,10,33,113," "," ",nbsp;,nbsp;,nbsp;," ",
3/30/2018," "," ",56.76,"Brandon Drury (R)",3600,2B/OF,8,NYY,"TOR - A Sanchez (R)"," "," ",6.2,19.7,1.5,-1.11,1.7,2,4,7.31,,0.328,0.018,0.186,0.026,0.451,0.222,0.03,0.006,1,4,2,"-0.1nbsp;Paul Nauert",9,63,4.6,4,-0.3,-135,8.5,72,50,72,0,"NA - Closed Roof",0,0," "," "," ",nbsp;,nbsp;,nbsp;,nbsp;," "," "," ",46," ",126,207,90,29,48,21,31,62,2.85,0.362,0.171," "," ",6.8,200,-0.4,31,14,40,116,3,200,0,0,100,1,
3/30/2018," "," ",56.6,"Matt Duffy (R)",3200,2B/3B,1,TB,"BOS - D Price (L)"," "," ",6.2,19,1.6,-0.54,1.9,0,1,6.74,,0,0,0,0,0," "," "," ",1,2,2,"+0.3nbsp;Lazaro Diaz",29,4,3.4,4.2,0.1,135,7.5,25,50,72,0,"NA - Closed Roof",0,0," "," "," ",nbsp;,nbsp;,nbsp;,nbsp;," "," "," ",0," "," "," "," ",nbsp;,nbsp;,nbsp;,nbsp;,nbsp;," ",0.279,0.122," "," ",9,-100,2,100,0,0,1,9,-100,100,0,0,1,
3/30/2018," "," ",56.58,"Javier Baez (R)",4300,2B/SS,8,CHC,"MIA - C Smith (L)"," "," ",6,19.3,1.5,-2.29,1.4,2,4,8.29,,0.392,0.082,0.256,0.078,0.573,0.282,0.048,0.057,1,3,2,"-0.8nbsp;Hunter Wendelstedt",23,14,5.1,3.5,-0.1,-196,8.5,72,46,77,7,"Right To Left",0.64,2," "," "," ",nbsp;,nbsp;,nbsp;,nbsp;," "," "," ",20," ",128,202,89,35,49,15,32,57,3.01," "," "," "," ",7.9,600,0.3,33,18,37,137,6,600,0,0,0,1,
3/30/2018," "," ",56.58,"Carlos Correa (R)",4900,SS,4,HOU,"TEX - D Fister (R)"," "," ",7.4,23.8,1.8,-1.74,1.5,13,16,9.14,,0.375,-0.07,0.222,0,0.511,0.252,0.054,0.015,1,5,2,"Ron Kulpa",29,44,4.9,3.7,-0.7,-178,8.5,70,26,65,6,In,0.48,0," "," "," ",nbsp;,nbsp;,nbsp;,nbsp;," "," "," ",-31," ",108,220,92,31,47,20,39,60,2.9,0.314,0.143," "," ",9.9,0,0.8,36,12,26,122,9,0,0,0,0,1,
3/30/2018," "," ",56.35,"Albert Pujols (R)",3600,1B,4,LAA,"OAK - S Manaea (L)"," "," ",6.5,19.8,1.6,-0.81,1.8,5,8,7.31,,0.272,-0.023,0.088,-0.073,0.321,0.175,0.038,0.018,1,3,2,"Lance Barksdale",13,23,4.6,4.6,0.1,-104,9,54,26,65,3,"To Right",0.63,3," "," "," ",nbsp;,nbsp;,nbsp;,nbsp;," "," "," ",-49," ",149,214,91,38,43,18,35,53,3.15,0.329,0.159," "," ",7,-100,-0.4,34,15,44,149,17,-100,100,100,0,1,
3/30/2018," "," ",56.18,"Dansby Swanson (R)",3000,SS,7,ATL,"PHI - N Pivetta (R)"," "," ",5.7,15.9,1.5,-0.76,1.9,2,4,6.46,,0.265,-0.061,0.082,-0.047,0.302,0.253,0.012,0.019,1,3,2,"-0.1nbsp;Greg Gibson",35,28,4.6,4.6,-0.2,-104,9,40,23,56,8,Out,0.59,0," "," "," ",nbsp;,nbsp;,nbsp;,nbsp;," "," "," ",50," ",133,199,89,29,47,22,29,61,2.86,0.355,0.204," "," ",5.7,0,-0.9,31,11,41,134,0,0,0,0,100,1,
3/30/2018," "," ",56.01,"Lorenzo Cain (R)",4100,OF,2,MIL,"SD - J Lucchesi (L)"," "," ",7.2,22.1,1.8,-0.81,1.8,5,8,8.01,,0.342,0.002,0.193,0.074,0.459,0.141,0.024,0.156,1,2,2,"-0.3nbsp;Mark Carlson",23,0,4.2,3.9,0,-122,8,61,23,63,2,"From Left",0.71,2," "," "," ",nbsp;,nbsp;,nbsp;,nbsp;," "," "," ",-49," ",154,208,90,32,44,22,31,57,2.93," "," "," "," ",8.1,-300,0.3,43,15,31,153,14,-300,100,0,0,1,
3/30/2018," "," ",55.96,"Eric Hosmer (L)",3900,1B,3,SD,"MIL - J Chacin (R)"," "," ",6.7,20.9,1.7,-1.03,1.7,5,8,7.73,,0.403,0.064,0.183,0.019,0.522,0.188,0.042,0.036,1,1,2,"-0.3nbsp;Mark Carlson",56,42,3.9,4.2,0,113,8,39,23,63,2,"From Left",0.71,2," "," "," ",nbsp;,nbsp;,nbsp;,nbsp;," "," "," ",49," ",161,196,88,22,55,22,29,71,2.65,0.302,0.138," "," ",8.2,-100,0.3,40,15,31,160,2,-100,0,0,100,1,
3/30/2018," "," ",55.92,"Carlos Asuaje (L)",3400,SS,5,SD,"MIL - J Chacin (R)"," "," ",5.4,14.7,1.4,-1.62,1.6,0,1,7.02,,0.333,0.076,0.119,0.065,0.41,0.247,0.017,0,1,0,0,"-0.3nbsp;Mark Carlson",4,42,3.9,4.2,0,113,8,39,23,63,2,"From Left",0.71,2," "," "," ",nbsp;,nbsp;,nbsp;,nbsp;," "," "," ",34," ",85,203,89,34,42,23,28,54,3.03,0.302,0.138," "," ",5.9,-200,-0.5,35,10,35,79,5,-200,0,0,0,1,
3/30/2018," "," ",55.9,"Randal Grichuk (R)",3100,OF,6,TOR,"NYY - M Tanaka (R)"," "," ",6.2,20.5,1.5,-0.4,2,2,4,6.6,,0.337,0.037,0.258,0.054,0.513,0.322,0.057,0.044,1,0,0,"-0.1nbsp;Paul Nauert",35,63,4,4.6,-0.2,125,8.5,28,50,72,0,"NA - Closed Roof",0,0," "," "," ",nbsp;,nbsp;,nbsp;,nbsp;," "," "," ",83," ",106,226,92,42,35,21,40,45,3.42,0.331,0.219," "," ",7.7,-100,0.2,39,15,43,101,0,-100,0,0,100,1,
3/30/2018," "," ",55.89,"Curtis Granderson (L)",3200,OF,4,TOR,"NYY - M Tanaka (R)"," "," ",6.7,22,1.6,-0.04,2.1,5,8,6.74,,0.341,0.056,0.254,0.062,0.466,0.271,0.058,0.034,1,1,2,"-0.1nbsp;Paul Nauert",17,63,4,4.6,-0.2,125,8.5,28,50,72,0,"NA - Closed Roof",0,0," "," "," ",nbsp;,nbsp;,nbsp;,nbsp;," "," "," ",63," ",133,223,91,48,32,18,35,40,3.58,0.331,0.219," "," ",7.5,-100,-0.1,33,17,39,123,5,-100,0,0,0,1,
3/30/2018," "," ",55.72,"Scott Kingery ( )",3000,2B,6,PHI,"ATL - M Foltynewicz (R)"," "," ",5.9,17.4,1.5,-0.56,2,5,8,6.46,,0,0,0,0,0," "," "," ",1,0,0,"-0.1nbsp;Greg Gibson",49,50,4.6,4.6,0.3,-104,9,60,23,56,8,Out,0.59,0," "," "," ",nbsp;,nbsp;,nbsp;,nbsp;," "," "," ",0," "," "," "," ",nbsp;,nbsp;,nbsp;,nbsp;,nbsp;," ",0.342,0.169," "," "," ",0," ",nbsp;,nbsp;,nbsp;,0," "," ",nbsp;,nbsp;,nbsp;," ",
3/30/2018," "," ",55.68,"Yangervis Solarte (S)",2700,2B/3B,5,TOR,"NYY - M Tanaka (R)"," "," ",6.1,18.6,1.5,0.06,2.3,2,4,6.04,,0.333,0.074,0.192,0.105,0.459,0.133,0.039,0.023,1,0,0,"-0.1nbsp;Paul Nauert",63,63,4,4.6,-0.2,125,8.5,28,50,72,0,"NA - Closed Roof",0,0," "," "," ",nbsp;,nbsp;,nbsp;,nbsp;," "," "," "," "," ",127,209,88,42,41,16,31,49,3.25,0.331,0.219," "," ",6.8,0,-0.3,34,13,41,123," "," ",nbsp;,nbsp;,nbsp;," ",
3/30/2018," "," ",55.59,"Jesus Aguilar (R)",3000,1B,4,MIL,"SD - J Lucchesi (L)"," "," ",6,18.2,1.5,-0.46,2,5,8,6.46,,0.38,0.062,0.245,0.041,0.547,0.311,0.052,0,1,2,2,"-0.3nbsp;Mark Carlson",17,0,4.2,3.9,0,-122,8,61,23,63,2,"From Left",0.71,2," "," "," ",nbsp;,nbsp;,nbsp;,nbsp;," "," "," "," "," ",98,223,93,37,40,21,45,51,3.11," "," "," "," ",7.9,0,0.8,38,16,38,54," "," ",nbsp;,nbsp;,nbsp;," ",
3/30/2018," "," ",55.53,"Jake Lamb (L)",4400,3B,6,ARI,"COL - T Anderson (L)"," "," ",6.9,22.4,1.7,-1.53,1.6,2,4,8.43,,0.262,-0.132,0.152,-0.112,0.304,0.4,0.055,0.036,1,5,2,"-0.1nbsp;Eric Cooper",9,53,4.4,3.7,-0.4,-142,8,53,48,83,2,In,0.12,2," "," "," ",nbsp;,nbsp;,nbsp;,nbsp;," "," "," ",-49," ",143,226,92,38,41,20,35,51,3.16,0.346,0.226," "," ",9,100,0.2,37,16,35,149,16,100,100,0,0,1,
3/30/2018," "," ",55.48,"Preston Tucker (L)",2600,OF,6,ATL,"PHI - N Pivetta (R)"," "," ",6,18.4,1.5,0.1,2.3,5,8,5.9,,0,0,0,0,0," "," "," ",1,3,2,"-0.1nbsp;Greg Gibson",49,60,4.6,4.6,-0.2,-104,9,40,23,56,8,Out,0.59,0," "," "," ",nbsp;,nbsp;,nbsp;,nbsp;," "," "," ",0," "," "," "," ",nbsp;,nbsp;,nbsp;,nbsp;,nbsp;," ",0.355,0.204," "," ",5,0,-1,0,0,0,1,5,0,0,0,0,1,
3/30/2018," "," ",55.36,"Luis Valbuena (L)",2900,1B/3B,7,LAA,"OAK - S Manaea (L)"," "," ",5.9,19.4,1.4,-0.42,2,2,4,6.32,,0.176,-0.146,0.114,-0.14,0.2,0.286,0.066,0,1,2,2,"Lance Barksdale",42,8,4.6,4.6,0.1,-104,9,54,26,65,3,"To Right",0.63,3," "," "," ",nbsp;,nbsp;,nbsp;,nbsp;," "," "," ",50," ",102,219,90,47,38,13,35,45,3.52,0.329,0.159," "," ",6.9,200,0.2,39,18,43,96,0,200,0,0,100,1,
3/30/2018," "," ",55.35,"Kevin Kiermaier (L)",3300,OF,2,TB,"BOS - D Price (L)"," "," ",6.6,20.5,1.6,-0.28,2,2,4,6.88,,0.305,-0.06,0.11,-0.108,0.368,0.287,0.041,0.155,1,2,2,"+0.3nbsp;Lazaro Diaz",17,23,3.4,4.2,0.1,135,7.5,25,50,72,0,"NA - Closed Roof",0,0," "," "," ",nbsp;,nbsp;,nbsp;,nbsp;," "," "," ",18," ",96,196,89,31,50,17,31,61,2.9,0.279,0.122," "," ",8.4,0,0.7,40,19,38,96,4,0,0,0,0,1,
3/30/2018," "," ",54.99,"Joey Gallo (L)",4000,1B/OF,2,TEX,"HOU - D Keuchel (L)"," "," ",7.4,24.8,1.7,-0.47,1.9,2,4,7.87,,0.348,-0.021,0.26,-0.095,0.471,0.5,0.092,0.044,1,1,2,"Ron Kulpa",6,65,3.7,4.9,-0.3,164,8.5,30,26,65,6,In,0.48,0," "," "," ",nbsp;,nbsp;,nbsp;,nbsp;," "," "," ",50," ",118,245,94,54,28,18,46,34,3.87,0.273,0.118," "," ",8.4,100,0.7,37,20,41,135,0,100,0,0,100,1,
3/30/2018," "," ",54.97,"Rhys Hoskins (R)",4600,1B,4,PHI,"ATL - M Foltynewicz (R)"," "," ",7,22.7,1.7,-1.72,1.5,9,12,8.72,,0.424,0.03,0.336,-0.059,0.624,0.272,0.104,0.038,1,3,2,"-0.1nbsp;Greg Gibson",23,28,4.6,4.6,0.3,-104,9,60,23,56,8,Out,0.59,0," "," "," ",nbsp;,nbsp;,nbsp;,nbsp;," "," "," ",-49," ",47,240,93,45,30,23,46,40,3.58,0.342,0.169," "," ",10.9,-100,2.7,44,32,30,49,21,-100,100,100,0,1,
3/30/2018," "," ",54.68,"Carlos Gonzalez (L)",3900,OF,5,COL,"ARI - R Ray (L)"," "," ",5.7,17.5,1.4,-2.03,1.5,0,1,7.73,,0.23,-0.126,0.095,-0.082,0.294,0.333,0.028,0.018,1,2,2,"-0.1nbsp;Eric Cooper",13,53,3.7,4.4,-0.1,131,8,47,48,83,2,In,0.12,2," "," "," ",nbsp;,nbsp;,nbsp;,nbsp;," "," "," ",50," ",129,209,90,31,48,19,31,60,2.94,0.283,0.157," "," ",7.1,100,-0.8,31,13,40,128,0,100,0,0,100,1,
3/30/2018," "," ",54.62,"Austin Jackson (R)",2900,OF,1,SF,"LAD - A Wood (L)"," "," ",6.1,18.2,1.6,-0.22,2.1,2,4,6.32,,0.438,0.12,0.236,0.118,0.591,0.205,0.029,0.023,1,2,2,"Jim Reynolds",29,28,3.1,4,0.1,147,7,43,30,66,2,"To Left",0.54,3," "," "," ",nbsp;,nbsp;,nbsp;,nbsp;," "," "," ",65," ",82,217,91,30,48,20,31,60,2.82,0.263,0.124," "," ",7.7,0,0.5,46,16,34,81,3,0,0,0,100,1,
3/30/2018," "," ",54.52,"Billy McKinney ( )",2200,OF,7,NYY,"TOR - A Sanchez (R)"," "," ",6.1,18.6,1.5,0.77,2.8,2,4,5.33,,0,0,0,0,0," "," "," ",1,2,2,"-0.1nbsp;Paul Nauert",50,50,4.6,4,-0.3,-135,8.5,72,50,72,0,"NA - Closed Roof",0,0," "," "," ",nbsp;,nbsp;,nbsp;,nbsp;," "," "," ",0," "," "," "," ",nbsp;,nbsp;,nbsp;,nbsp;,nbsp;," ",0.362,0.171," "," "," ",0," ",nbsp;,nbsp;,nbsp;,0," "," ",nbsp;,nbsp;,nbsp;," ",
3/30/2018," "," ",54.51,"DJ LeMahieu (R)",4200,2B/3B,2,COL,"ARI - R Ray (L)"," "," ",6.5,20,1.6,-1.65,1.5,0,1,8.15,,0.415,0.099,0.187,0.117,0.553,0.1,0.013,0.036,1,2,2,"-0.1nbsp;Eric Cooper",4,50,3.7,4.4,-0.1,131,8,47,48,83,2,In,0.12,2," "," "," ",nbsp;,nbsp;,nbsp;,nbsp;," "," "," ",-49," ",155,195,89,19,55,24,30,74,2.48,0.283,0.157," "," ",7.8,300,-0.5,37,11,36,154,14,300,100,0,0,1,
3/30/2018," "," ",54.36,"Derek Fisher (L)",3200,OF,8,HOU,"TEX - D Fister (R)"," "," ",5.9,17.7,1.5,-0.84,1.8,2,4,6.74,,0.254,-0.101,0.119,0.032,0.294,0.385,0.023,0.043,1,4,2,"Ron Kulpa",9,65,4.9,3.7,-0.7,-178,8.5,70,26,65,6,In,0.48,0," "," "," ",nbsp;,nbsp;,nbsp;,nbsp;," "," "," "," "," ",45,198,91,21,54,23,38,71,2.57,0.314,0.143," "," ",6.1,0,-1.1,36,7,44,38," "," ",nbsp;,nbsp;,nbsp;," ",
3/30/2018," "," ",54.31,"Yasiel Puig (R)",4300,OF,4,LAD,"SF - J Cueto (R)"," "," ",6.9,22.6,1.6,-1.39,1.6,2,4,8.29,,0.378,0.104,0.257,0.159,0.544,0.204,0.054,0.087,1,3,2,"Jim Reynolds",9,28,4,3.1,-0.1,-160,7,57,30,66,2,"To Left",0.54,3," "," "," ",nbsp;,nbsp;,nbsp;,nbsp;," "," "," ",2," ",146,206,90,35,48,16,33,57,3.07,0.348,0.193," "," ",8.1,400,0.4,36,14,34,147,7,400,0,0,0,1,
3/30/2018," "," ",54.24,"Ryan Flaherty (L)",2400,2B/3B,8,ATL,"PHI - N Pivetta (R)"," "," ",4.6,11.8,1.3,-1.01,1.9,2,4,5.61,,0.273,0.099,0.033,0.033,0.267,0.267,0,0,1,3,2,"-0.1nbsp;Greg Gibson",81,60,4.6,4.6,-0.2,-104,9,40,23,56,8,Out,0.59,0," "," "," ",nbsp;,nbsp;,nbsp;,nbsp;," "," "," ",46," ",14,197,88,32,53,14,14,62,2.93,0.355,0.204," "," ",4.8,0,-1.1,20,10,40,10,3,0,0,0,0,1,
3/30/2018," "," ",54.2,"Zack Cozart (R)",4000,3B/SS,5,LAA,"OAK - S Manaea (L)"," "," ",6.5,19.7,1.6,-1.37,1.6,9,12,7.87,,0.385,0.01,0.226,-0.001,0.527,0.172,0.047,0.02,1,2,2,"Lance Barksdale",17,23,4.6,4.6,0.1,-104,9,54,26,65,3,"To Right",0.63,3," "," "," ",nbsp;,nbsp;,nbsp;,nbsp;," "," "," ",-30," ",120,217,90,42,38,19,30,47,3.27,0.329,0.159," "," ",9.5,100,1.5,42,20,29,114,22,100,100,100,0,1,
3/30/2018," "," ",54.16,"Matt Chapman (R)",3900,3B,7,OAK,"LAA - T Skaggs (L)"," "," ",6.5,20.2,1.6,-1.23,1.7,2,4,7.73,,0.333,-0.009,0.225,-0.041,0.475,0.375,0.049,0,1,2,2,"Lance Barksdale",9,23,4.6,4.6,0,-104,9,46,26,65,3,"To Right",0.63,3," "," "," ",nbsp;,nbsp;,nbsp;,nbsp;," "," "," ",49," ",78,228,90,50,33,16,36,39,3.7,0.339,0.176," "," ",7,-300,0.9,38,22,44,81,2,-300,0,0,100,1,
3/30/2018," "," ",54.09,"Trevor Story (R)",4200,SS,4,COL,"ARI - R Ray (L)"," "," ",6.3,21.1,1.5,-1.85,1.5,2,4,8.15,,0.404,0.118,0.328,0.162,0.611,0.382,0.045,0.044,1,2,2,"-0.1nbsp;Eric Cooper",9,50,3.7,4.4,-0.1,131,8,47,48,83,2,In,0.12,2," "," "," ",nbsp;,nbsp;,nbsp;,nbsp;," "," "," ",46," ",133,232,92,47,33,18,40,41,3.5,0.283,0.157," "," ",7.6,300,-0.4,39,11,37,136,3,300,0,0,100,1,
3/30/2018," "," ",54.08,"Russell Martin (R)",3300,3B/C,7,TOR,"NYY - M Tanaka (R)"," "," ",5.6,16.9,1.4,-1.28,1.7,0,1,6.88,,0.339,0.071,0.188,0.067,0.421,0.254,0.046,0.016,1,0,0,"-0.1nbsp;Paul Nauert",6,63,4,4.6,-0.2,125,8.5,28,50,72,0,"NA - Closed Roof",0,0," "," "," ",nbsp;,nbsp;,nbsp;,nbsp;," "," "," ",50," ",89,203,90,28,48,23,30,63,2.87,0.331,0.219," "," ",6.8,200,-0.3,36,14,38,88,0,200,0,0,100,1,
3/30/2018," "," ",54.04,"Carlos Gomez (R)",3400,OF,3,TB,"BOS - D Price (L)"," "," ",6.2,19.5,1.5,-0.82,1.8,0,1,7.02,,0.29,-0.073,0.116,-0.113,0.349,0.36,0.044,0.098,1,2,2,"+0.3nbsp;Lazaro Diaz",23,4,3.4,4.2,0.1,135,7.5,25,50,72,0,"NA - Closed Roof",0,0," "," "," ",nbsp;,nbsp;,nbsp;,nbsp;," "," "," ",42," ",98,221,91,40,39,20,39,49,3.18,0.279,0.122," "," ",7.8,0,0,33,16,40,102,4,0,0,0,0,1,
3/30/2018," "," ",54.02,"Xander Bogaerts (R)",4100,SS,5,BOS,"TB - B Snell (L)"," "," ",6.3,18.5,1.6,-1.71,1.5,2,4,8.01,,0.33,0.014,0.101,-0.03,0.385,0.183,0.016,0.088,1,2,2,"+0.3nbsp;Lazaro Diaz",35,4,4.2,3.4,-0.1,-146,7.5,75,50,72,0,"NA - Closed Roof",0,0," "," "," ",nbsp;,nbsp;,nbsp;,nbsp;," "," "," ",-49," ",144,195,89,30,48,20,31,61,2.82,0.308,0.156," "," ",7.9,-200,-0.3,38,11,30,150,17,-200,100,100,0,1,
3/30/2018," "," ",53.84,"Eric Thames (L)",4100,1B,5,MIL,"SD - J Lucchesi (L)"," "," ",6.6,21.2,1.6,-1.41,1.6,2,4,8.01,,0.298,-0.092,0.221,-0.063,0.411,0.411,0.066,0.024,1,1,2,"-0.3nbsp;Mark Carlson",9,42,4.2,3.9,0,-122,8,61,23,63,2,"From Left",0.71,2," "," "," ",nbsp;,nbsp;,nbsp;,nbsp;," "," "," "," "," ",125,233,93,40,38,20,41,48,3.24," "," "," "," ",8.9,0,0.7,40,21,36,123," "," ",nbsp;,nbsp;,nbsp;," ",
3/30/2018," "," ",53.76,"Manny Pina (R)",3000,C,6,MIL,"SD - J Lucchesi (L)"," "," ",5.4,14.9,1.4,-1.06,1.8,5,8,6.46,,0.314,-0.024,0.094,-0.081,0.385,0.26,0.028,0.013,1,1,2,"-0.3nbsp;Mark Carlson",42,0,4.2,3.9,0,-122,8,61,23,63,2,"From Left",0.71,2," "," "," ",nbsp;,nbsp;,nbsp;,nbsp;," "," "," ",50," ",94,225,91,42,35,22,33,45,3.26," "," "," "," ",6.8,0,0.1,39,16,43,83,0,0,0,0,100,1,
3/30/2018," "," ",53.48,"Jonathan Lucroy (R)",3200,C,8,OAK,"LAA - T Skaggs (L)"," "," ",5.4,14.1,1.5,-1.34,1.7,2,4,6.74,,0.274,-0.054,0.08,-0.034,0.31,0.11,0.015,0.006,1,2,2,"Lance Barksdale",35,23,4.6,4.6,0,-104,9,46,26,65,3,"To Right",0.63,3," "," "," ",nbsp;,nbsp;,nbsp;,nbsp;," "," "," ",46," ",122,194,88,27,53,18,22,65,2.72,0.339,0.176," "," ",6,0,-1.1,36,7,41,122,3,0,0,0,100,1,
3/30/2018," "," ",53.46,"Nomar Mazara (L)",3700,OF,5,TEX,"HOU - D Keuchel (L)"," "," ",6.1,18.6,1.5,-1.35,1.6,2,4,7.45,,0.249,-0.095,0.092,-0.11,0.3,0.25,0.039,0.012,1,0,0,"Ron Kulpa",9,65,3.7,4.9,-0.3,164,8.5,30,26,65,6,In,0.48,0," "," "," ",nbsp;,nbsp;,nbsp;,nbsp;," "," "," ",49," ",141,209,90,34,46,19,32,57,3.06,0.273,0.118," "," ",7.5,-200,-0.4,35,13,37,143,2,-200,0,0,100,1,
3/30/2018," "," ",53.1,"Kole Calhoun (L)",3600,OF,6,LAA,"OAK - S Manaea (L)"," "," ",6.2,18.5,1.6,-1.11,1.7,2,4,7.31,,0.296,-0.028,0.136,-0.015,0.358,0.216,0.034,0.031,1,2,2,"Lance Barksdale",17,8,4.6,4.6,0.1,-104,9,54,26,65,3,"To Right",0.63,3," "," "," ",nbsp;,nbsp;,nbsp;,nbsp;," "," "," ",-49," ",155,213,90,35,43,21,31,55,3.04,0.329,0.159," "," ",7.2,0,0,38,16,35,154,27,0,100,100,0,1,
3/30/2018," "," ",53.06,"Jackie Bradley (L)",3400,OF,8,BOS,"TB - B Snell (L)"," "," ",5.6,16.6,1.4,-1.42,1.6,0,1,7.02,,0.339,0.03,0.135,-0.04,0.414,0.234,0.037,0.052,1,2,2,"+0.3nbsp;Lazaro Diaz",17,23,4.2,3.4,-0.1,-146,7.5,75,50,72,0,"NA - Closed Roof",0,0," "," "," ",nbsp;,nbsp;,nbsp;,nbsp;," "," "," ",50," ",133,206,90,32,49,18,33,60,3.01,0.308,0.156," "," ",7,0,-0.7,34,11,40,138,0,0,0,0,100,1,
3/30/2018," "," ",52.84,"Tyler Wade (L)",3000,SS,9,NYY,"TOR - A Sanchez (R)"," "," ",5.2,14,1.4,-1.26,1.7,0,1,6.46,,0.2,-0.114,0.077,0.077,0.231,0.282,0,0.02,1,4,2,"-0.1nbsp;Paul Nauert",17,63,4.6,4,-0.3,-135,8.5,72,50,72,0,"NA - Closed Roof",0,0," "," "," ",nbsp;,nbsp;,nbsp;,nbsp;," "," "," "," "," ",20,194,89,33,51,15,17,60,2.75,0.362,0.171," "," ",3.6,0,-2.4,28,0,50,14," "," ",nbsp;,nbsp;,nbsp;," ",
3/30/2018," "," ",52.83,"Jose Pirela (R)",3400,2B,4,SD,"MIL - J Chacin (R)"," "," ",6,17.8,1.5,-1.02,1.8,2,4,7.02,,0.339,-0.051,0.18,-0.076,0.461,0.215,0.032,0.043,1,1,2,"-0.3nbsp;Mark Carlson",6,0,3.9,4.2,0,113,8,39,23,63,2,"From Left",0.71,2," "," "," ",nbsp;,nbsp;,nbsp;,nbsp;," "," "," ",20," ",81,216,90,31,47,20,34,60,2.96,0.302,0.138," "," ",8.2,0,1.2,44,19,30,78,6,0,0,0,0,1,
3/30/2018," "," ",52.59,"C.J. Cron (R)",2900,1B,4,TB,"BOS - D Price (L)"," "," ",5.6,16.3,1.4,-0.72,1.9,0,1,6.32,,0.313,0.028,0.235,0.121,0.459,0.318,0.034,0.023,1,2,2,"+0.3nbsp;Lazaro Diaz",35,4,3.4,4.2,0.1,135,7.5,25,50,72,0,"NA - Closed Roof",0,0," "," "," ",nbsp;,nbsp;,nbsp;,nbsp;," "," "," ",50," ",96,221,90,44,32,22,35,42,3.41,0.279,0.122," "," ",6.8,-200,-0.3,36,12,41,93,0,-200,0,0,100,1,
3/30/2018," "," ",52.58,"Shohei Ohtani (L)",3500,OF,8,LAA,"OAK - S Manaea (L)"," "," "," "," "," "," "," ",2,4,7.17,,0,0,0,0,0," "," "," ",1,2,2,"Lance Barksdale",49,8,4.6,4.6,0.1,-104,9,54,26,65,3,"To Right",0.63,3," "," "," ",nbsp;,nbsp;,nbsp;,nbsp;," "," "," ",0," "," "," "," ",nbsp;,nbsp;,nbsp;,nbsp;,nbsp;," ",0.329,0.159," "," ",3,-100,-4,0,0,100,1,3,-100,0,0,100,1,
3/30/2018," "," ",52.44,"Matt Kemp (R)",3800,OF,6,LAD,"SF - J Cueto (R)"," "," ",5.9,17.6,1.5,-1.69,1.6,2,4,7.59,,0.345,0.055,0.218,0.12,0.503,0.238,0.045,0,1,2,2,"Jim Reynolds",4,28,4,3.1,-0.1,-160,7,57,30,66,2,"To Left",0.54,3," "," "," ",nbsp;,nbsp;,nbsp;,nbsp;," "," "," ",35," ",112,208,90,28,48,23,34,63,2.77,0.348,0.193," "," ",7.7,400,0,33,16,39,106,5,400,0,0,0,1,
3/30/2018," "," ",52.28,"Nick Ahmed (R)",3100,SS,7,ARI,"COL - T Anderson (L)"," "," ",5.8,18.2,1.4,-0.8,1.9,2,4,6.6,,0.458,0.211,0.229,0.082,0.625,0.208,0.037,0.037,1,4,2,"-0.1nbsp;Eric Cooper",42,50,4.4,3.7,-0.4,-142,8,53,48,83,2,In,0.12,2," "," "," ",nbsp;,nbsp;,nbsp;,nbsp;," "," "," ",-45," ",50,201,88,32,47,20,32,59,3,0.346,0.226," "," ",7.1,-100,0.5,39,18,41,43,11,-100,100,0,0,1,
3/30/2018," "," ",52.28,"Yasmani Grandal (S)",3900,C,5,LAD,"SF - J Cueto (R)"," "," ",6.4,21.3,1.5,-1.33,1.6,2,4,7.73,,0.335,0.036,0.232,0.113,0.485,0.294,0.05,0,1,2,2,"Jim Reynolds",6,45,4,3.1,-0.1,-160,7,57,30,66,2,"To Left",0.54,3," "," "," ",nbsp;,nbsp;,nbsp;,nbsp;," "," "," ",-17," ",117,216,91,39,43,16,36,52,3.17,0.348,0.193," "," ",7.2,100,-0.1,37,16,38,118,8,100,100,0,0,1,
3/30/2018," "," ",52.22,"Jefry Marte (R)",2800,1B/3B,8,LAA,"OAK - S Manaea (L)"," "," ",5,13.9,1.3,-1.18,1.8,2,4,6.18,,0.277,0.033,0.169,0.069,0.354,0.185,0.032,0.013,1,2,2,"Lance Barksdale",29,23,4.6,4.6,0.1,-104,9,54,26,65,3,"To Right",0.63,3," "," "," ",nbsp;,nbsp;,nbsp;,nbsp;," "," "," "," "," ",41,203,90,34,46,19,27,57,2.95,0.329,0.159," "," ",5.1,0,-1.7,28,11,48,35," "," ",nbsp;,nbsp;,nbsp;," ",
3/30/2018," "," ",52.02,"Rafael Devers (L)",4000,3B,6,BOS,"TB - B Snell (L)"," "," ",5.8,17.6,1.5,-2.07,1.5,2,4,7.87,,0.446,0.117,0.196,-0.019,0.587,0.348,0.049,0.045,1,2,2,"+0.3nbsp;Lazaro Diaz",23,23,4.2,3.4,-0.1,-146,7.5,75,50,72,0,"NA - Closed Roof",0,0," "," "," ",nbsp;,nbsp;,nbsp;,nbsp;," "," "," ",-31," ",57,210,90,35,49,15,34,58,3.1,0.308,0.156," "," ",8.1,-300,0.4,39,19,29,61,9,-300,100,0,0,1,
3/30/2018," "," ",51.76,"Shin-Soo Choo (L)",3500,OF,6,TEX,"HOU - D Keuchel (L)"," "," ",6.2,19.3,1.5,-0.97,1.8,0,1,7.17,,0.357,0.02,0.07,-0.112,0.374,0.191,0.038,0.073,1,0,0,"Ron Kulpa",6,65,3.7,4.9,-0.3,164,8.5,30,26,65,6,In,0.48,0," "," "," ",nbsp;,nbsp;,nbsp;,nbsp;," "," "," ",46," ",143,208,91,26,49,24,36,65,2.71,0.273,0.118," "," ",8.5,0,0.5,39,16,34,141,3,0,0,0,100,1,
3/30/2018," "," ",51.58,"Logan Forsythe (R)",3300,2B,7,LAD,"SF - J Cueto (R)"," "," ",5.6,15.8,1.5,-1.28,1.7,0,1,6.88,,0.272,-0.117,0.079,-0.084,0.273,0.3,0.017,0.021,1,2,2,"Jim Reynolds",29,28,4,3.1,-0.1,-160,7,57,30,66,2,"To Left",0.54,3," "," "," ",nbsp;,nbsp;,nbsp;,nbsp;," "," "," ",50," ",108,222,92,33,43,22,36,57,2.92,0.348,0.193," "," ",6.3,200,-0.7,33,12,41,110,0,200,0,0,100,1,
3/30/2018," "," ",51.22,"Nolan Arenado (R)",4600,3B,3,COL,"ARI - R Ray (L)"," "," ",6.9,22.2,1.7,-1.82,1.5,2,4,8.72,,0.551,0.189,0.423,0.183,0.846,0.114,0.062,0.018,1,2,2,"-0.1nbsp;Eric Cooper",63,50,3.7,4.4,-0.1,131,8,47,48,83,2,In,0.12,2," "," "," ",nbsp;,nbsp;,nbsp;,nbsp;," "," "," ",-49," ",156,231,92,44,34,21,36,43,3.47,0.283,0.157," "," ",10,200,0.5,40,15,30,159,17,200,100,100,0,1,
3/30/2018," "," ",51.16,"Andrelton Simmons (R)",3500,SS,7,LAA,"OAK - S Manaea (L)"," "," ",6.3,18.9,1.6,-0.87,1.8,2,4,7.17,,0.31,-0.009,0.118,-0.023,0.36,0.132,0.023,0.117,1,2,2,"Lance Barksdale",29,23,4.6,4.6,0.1,-104,9,54,26,65,3,"To Right",0.63,3," "," "," ",nbsp;,nbsp;,nbsp;,nbsp;," "," "," ",-31," ",155,198,89,31,49,18,29,61,2.86,0.329,0.159," "," ",7.4,0,0.1,40,15,37,159,9,0,100,0,0,1,
3/30/2018," "," ",51.12,"Jett Bandy (R)",2800,C,6,MIL,"SD - J Lucchesi (L)"," "," ",5.3,15.2,1.4,-0.88,1.9,2,4,6.18,,0.398,0.141,0.286,0.171,0.571,0.286,0.036,0.009,1,1,2,"-0.3nbsp;Mark Carlson",29,0,4.2,3.9,0,-122,8,61,23,63,2,"From Left",0.71,2," "," "," ",nbsp;,nbsp;,nbsp;,nbsp;," "," "," "," "," ",46,210,89,35,38,25,32,52,3.13," "," "," "," ",6,0,-0.2,32,18,39,43," "," ",nbsp;,nbsp;,nbsp;," ",
3/30/2018," "," ",50.85,"Adrian Beltre (R)",3700,3B,4,TEX,"HOU - D Keuchel (L)"," "," ",6.3,18.8,1.6,-1.15,1.7,2,4,7.45,,0.481,0.111,0.258,0.038,0.652,0.121,0.052,0.01,1,1,2,"Ron Kulpa",42,44,3.7,4.9,-0.3,164,8.5,30,26,65,6,In,0.48,0," "," "," ",nbsp;,nbsp;,nbsp;,nbsp;," "," "," ",20," ",94,219,91,37,43,19,36,53,3.12,0.273,0.118," "," ",8.8,-300,0.5,44,17,34,93,6,-300,0,0,0,1,
3/30/2018," "," ",50.82,"Ian Desmond (R)",3700,OF,6,COL,"ARI - R Ray (L)"," "," ",5.5,16.6,1.4,-1.95,1.5,0,1,7.45,,0.299,-0.013,0.112,0.014,0.371,0.258,0.021,0.138,1,1,2,"-0.1nbsp;Eric Cooper",17,50,3.7,4.4,-0.1,131,8,47,48,83,2,In,0.12,2," "," "," ",nbsp;,nbsp;,nbsp;,nbsp;," "," "," ",46," ",91,183,87,21,62,16,27,74,2.58,0.283,0.157," "," ",7.5,0,-0.7,35,13,32,89,3,0,0,0,100,1,
3/30/2018," "," ",50.73,"Justin Bour (L)",3700,1B,4,MIA,"CHC - K Hendricks (R)"," "," ",6,18.3,1.5,-1.45,1.6,2,4,7.45,,0.386,0.034,0.246,0.002,0.544,0.231,0.066,0.009,1,1,2,"-0.8nbsp;Hunter Wendelstedt",17,1,3.5,5.1,0.1,180,8.5,28,46,77,7,"Right To Left",0.64,2," "," "," ",nbsp;,nbsp;,nbsp;,nbsp;," "," "," ",42," ",104,218,91,33,43,23,38,56,3.06,0.291,0.131," "," ",8.8,300,1.1,49,20,36,102,4,300,0,0,0,1,
3/30/2018," "," ",50.54,"Jonathan Villar (S)",3700,2B/SS,8,MIL,"SD - J Lucchesi (L)"," "," ",5.7,17.6,1.4,-1.75,1.5,2,4,7.45,,0.257,-0.041,0.123,-0.009,0.325,0.342,0.026,0.163,1,1,2,"-0.3nbsp;Mark Carlson",13,42,4.2,3.9,0,-122,8,61,23,63,2,"From Left",0.71,2," "," "," ",nbsp;,nbsp;,nbsp;,nbsp;," "," "," ",50," ",107,180,87,21,58,20,33,73,2.61," "," "," "," ",8,0,0,39,15,38,91,0,0,0,0,100,1,
3/30/2018," "," ",50.46,"Joc Pederson (L)",2900,OF,6,LAD,"SF - J Cueto (R)"," "," ",6,18.3,1.5,-0.32,2.1,2,4,6.32,,0.331,0.063,0.207,0.105,0.424,0.24,0.038,0.031,1,2,2,"Jim Reynolds",56,45,4,3.1,-0.1,-160,7,57,30,66,2,"To Left",0.54,3," "," "," ",nbsp;,nbsp;,nbsp;,nbsp;," "," "," "," "," ",91,203,89,34,46,18,33,57,3.19,0.348,0.193," "," ",6.9,0,-0.7,36,13,43,76," "," ",nbsp;,nbsp;,nbsp;," ",
3/30/2018," "," ",50.46,"Austin Barnes (R)",3200,2B/C,6,LAD,"SF - J Cueto (R)"," "," ",5.8,16.3,1.5,-0.94,1.8,0,1,6.74,,0.395,0.017,0.138,-0.114,0.459,0.211,0.036,0.024,1,2,2,"Jim Reynolds",23,28,4,3.1,-0.1,-160,7,57,30,66,2,"To Left",0.54,3," "," "," ",nbsp;,nbsp;,nbsp;,nbsp;," "," "," "," "," ",82,206,89,29,45,25,30,60,2.89,0.348,0.193," "," ",8.5,0,1.3,42,17,25,63," "," ",nbsp;,nbsp;,nbsp;," ",
3/30/2018," "," ",50.36,"J.R. Murphy (R)",2500,C,8,ARI,"COL - T Anderson (L)"," "," ",5.3,16.5,1.3,-0.46,2.1,2,4,5.76,,0,-0.176,0,-0.143,0," ",0,0,1,1,0,"-0.1nbsp;Eric Cooper",49,50,4.4,3.7,-0.4,-142,8,53,48,83,2,In,0.12,2," "," "," ",nbsp;,nbsp;,nbsp;,nbsp;," "," "," ",0," "," "," "," ",nbsp;,nbsp;,nbsp;,nbsp;,nbsp;," ",0.346,0.226," "," ",0,0,-6,0,0,100,1," "," ",nbsp;,nbsp;,nbsp;," ",
3/30/2018," "," ",50.32,"Orlando Arcia (R)",3300,SS,7,MIL,"SD - J Lucchesi (L)"," "," ",5.6,16.2,1.5,-1.28,1.7,2,4,6.88,,0.276,-0.055,0.06,-0.1,0.308,0.222,0.031,0.079,1,1,2,"-0.3nbsp;Mark Carlson",17,0,4.2,3.9,0,-122,8,61,23,63,2,"From Left",0.71,2," "," "," ",nbsp;,nbsp;,nbsp;,nbsp;," "," "," ",34," ",147,198,88,28,51,19,30,64,2.86," "," "," "," ",6.6,0,-0.2,33,15,40,137,5,0,0,0,0,1,
3/30/2018," "," ",50.25,"Derek Dietrich (L)",3400,2B/3B,2,MIA,"CHC - K Hendricks (R)"," "," ",6,17.6,1.5,-1.02,1.8,2,4,7.02,,0.313,-0.063,0.188,0.078,0.415,0.262,0.031,0,1,1,2,"-0.8nbsp;Hunter Wendelstedt",17,1,3.5,5.1,0.1,180,8.5,28,46,77,7,"Right To Left",0.64,2," "," "," ",nbsp;,nbsp;,nbsp;,nbsp;," "," "," ",-49," ",124,213,90,40,36,22,32,47,3.24,0.291,0.131," "," ",7.1,100,0.3,40,20,42,105,15,100,100,100,0,1,
3/30/2018," "," ",50.16,"Christian Vazquez (R)",3000,C,9,BOS,"TB - B Snell (L)"," "," ",4.9,13,1.3,-1.56,1.6,2,4,6.46,,0.318,0.001,0.167,0.063,0.444,0.148,0.016,0.042,1,2,2,"+0.3nbsp;Lazaro Diaz",23,4,4.2,3.4,-0.1,-146,7.5,75,50,72,0,"NA - Closed Roof",0,0," "," "," ",nbsp;,nbsp;,nbsp;,nbsp;," "," "," ",46," ",91,198,89,27,47,24,26,62,2.75,0.308,0.156," "," ",6.6,0,0.1,31,11,41,92,3,0,0,0,100,1,
3/30/2018," "," ",50.08,"Andrew Knapp (S)",2600,C,7,PHI,"ATL - M Foltynewicz (R)"," "," ",5.4,14.5,1.5,-0.5,2.1,2,4,5.9,,0.327,0.023,0.117,0.029,0.367,0.344,0.019,0.008,1,1,2,"-0.1nbsp;Greg Gibson",42,60,4.6,4.6,0.3,-104,9,60,23,56,8,Out,0.59,0," "," "," ",nbsp;,nbsp;,nbsp;,nbsp;," "," "," ",-31," ",52,201,90,23,58,17,38,71,2.66,0.342,0.169," "," ",6,0,-0.5,41,9,30,53,9,0,100,0,0,1,
3/30/2018," "," ",49.66,"Eduardo Nunez (R)",3700,3B/SS,7,BOS,"TB - B Snell (L)"," "," ",6,17.2,1.6,-1.45,1.6,2,4,7.45,,0.308,-0.055,0.127,-0.03,0.405,0.111,0.027,0.174,1,2,2,"+0.3nbsp;Lazaro Diaz",23,4,4.2,3.4,-0.1,-146,7.5,75,50,72,0,"NA - Closed Roof",0,0," "," "," ",nbsp;,nbsp;,nbsp;,nbsp;," "," "," ",-49," ",114,187,87,28,53,17,26,65,2.74,0.308,0.156," "," ",8.8,0,0.8,46,16,30,116,21,0,100,100,0,1,
3/30/2018," "," ",49.66,"Aledmys Diaz (R)",3200,SS,9,TOR,"NYY - M Tanaka (R)"," "," ",4.9,13.9,1.3,-1.84,1.5,0,1,6.74,,0.285,0.006,0.145,0.088,0.398,0.137,0.024,0.044,1,0,0,"-0.1nbsp;Paul Nauert",29,63,4,4.6,-0.2,125,8.5,28,50,72,0,"NA - Closed Roof",0,0," "," "," ",nbsp;,nbsp;,nbsp;,nbsp;," "," "," ",50," ",76,191,87,37,46,16,23,55,3.03,0.331,0.219," "," ",6,0,-1.5,27,12,50,70,0,0,0,0,100,1,
3/30/2018," "," ",49.64,"Wilson Ramos (R)",2700,C,5,TB,"BOS - D Price (L)"," "," ",5.2,14.5,1.4,-0.84,1.9,2,4,6.04,,0.34,0.055,0.17,-0.038,0.472,0.132,0.056,0,1,1,2,"+0.3nbsp;Lazaro Diaz",42,4,3.4,4.2,0.1,135,7.5,25,50,72,0,"NA - Closed Roof",0,0," "," "," ",nbsp;,nbsp;,nbsp;,nbsp;," "," "," ",50," ",60,200,90,30,52,17,33,63,2.77,0.279,0.122," "," ",6.5,0,0,27,17,46,58,0,0,0,0,100,1,
3/30/2018," "," ",49.5,"Austin Hedges (R)",2900,C,8,SD,"MIL - J Chacin (R)"," "," ",5.1,15.1,1.3,-1.22,1.8,0,1,6.32,,0.283,0.024,0.201,0.076,0.41,0.328,0.045,0.026,1,0,0,"-0.3nbsp;Mark Carlson",23,0,3.9,4.2,0,113,8,39,23,63,2,"From Left",0.71,2," "," "," ",nbsp;,nbsp;,nbsp;,nbsp;," "," "," ",50," ",114,206,89,44,37,17,33,45,3.48,0.302,0.138," "," ",6,0,-0.2,29,19,50,111,0,0,0,0,100,1,
3/30/2018," "," ",49.44,"J.P. Crawford (L)",3500,SS,9,PHI,"ATL - M Foltynewicz (R)"," "," ",4.9,12.9,1.3,-2.27,1.4,2,4,7.17,,0.378,0.197,0.105,0.057,0.421,0.211,0,0.038,1,1,2,"-0.1nbsp;Greg Gibson",6,60,4.6,4.6,0.3,-104,9,60,23,56,8,Out,0.59,0," "," "," ",nbsp;,nbsp;,nbsp;,nbsp;," "," "," ",42," ",21,207,85,42,30,26,14,41,3.28,0.342,0.169," "," ",5.8,100,-0.2,42,9,33,21,4,100,0,0,0,1,
3/30/2018," "," ",49.42,"Andrew McCutchen (R)",3600,OF,3,SF,"LAD - A Wood (L)"," "," ",6.5,21,1.6,-0.81,1.8,2,4,7.31,,0.47,0.141,0.363,0.212,0.702,0.185,0.046,0.067,1,2,2,"Jim Reynolds",42,28,3.1,4,0.1,147,7,43,30,66,2,"To Left",0.54,3," "," "," ",nbsp;,nbsp;,nbsp;,nbsp;," "," "," ",34," ",155,211,90,37,40,21,35,52,3.19,0.263,0.124," "," ",8.5,200,0.3,37,15,38,155,5,200,0,0,0,1,
3/30/2018," "," ",49.26,"Max Stassi (R)",2500,C,9,HOU,"TEX - D Fister (R)"," "," ",5.9,17.5,1.5,0.14,2.4,2,4,5.76,,0.395,0.095,0.231,-0.102,0.462,0.231,0.08,0,1,1,0,"Ron Kulpa",56,44,4.9,3.7,-0.7,-178,8.5,70,26,65,6,In,0.48,0," "," "," ",nbsp;,nbsp;,nbsp;,nbsp;," "," "," ",0," ",11,212,90,52,38,9,33,42,3.8,0.314,0.143," "," ",4.4,0,-1.2,20,20,80,5," "," ",nbsp;,nbsp;,nbsp;," ",
3/30/2018," "," ",49,"Freddy Galvis (S)",3200,3B/SS,6,SD,"MIL - J Chacin (R)"," "," ",5.7,16.8,1.5,-1.04,1.8,2,4,6.74,,0.294,0.003,0.131,0.034,0.373,0.211,0.018,0.084,1,0,0,"-0.3nbsp;Mark Carlson",23,42,3.9,4.2,0,113,8,39,23,63,2,"From Left",0.71,2," "," "," ",nbsp;,nbsp;,nbsp;,nbsp;," "," "," ",-47," ",159,204,89,38,37,23,25,49,3.15,0.302,0.138," "," ",6.9,0,0.1,40,16,40,155,10,0,100,0,0,1,
3/30/2018," "," ",48.82,"Garrett Cooper (R)",2800,1B,6,MIA,"CHC - K Hendricks (R)"," "," ",4.8,12.3,1.3,-1.38,1.7,0,1,6.18,,0.243,-0.389,0.1,-0.233,0.35,0.2,0,0,1,0,0,"-0.8nbsp;Hunter Wendelstedt",42,14,3.5,5.1,0.1,180,8.5,28,46,77,7,"Right To Left",0.64,2," "," "," ",nbsp;,nbsp;,nbsp;,nbsp;," "," "," ",2," ",13,220,90,28,34,37,37,55,2.98,0.291,0.131," "," ",7,0,0.6,45,18,36,11,7,0,100,0,0,1,
3/30/2018," "," ",48.56,"Cory Spangenberg (L)",3200,2B/3B,7,SD,"MIL - J Chacin (R)"," "," ",5.7,17.2,1.4,-1.04,1.8,0,1,6.74,,0.345,0.128,0.156,0.098,0.447,0.241,0.025,0.077,1,0,0,"-0.3nbsp;Mark Carlson",23,42,3.9,4.2,0,113,8,39,23,63,2,"From Left",0.71,2," "," "," ",nbsp;,nbsp;,nbsp;,nbsp;," "," "," "," "," ",126,192,89,27,51,21,29,65,2.8,0.302,0.138," "," ",7.1,0,0.2,37,14,35,115," "," ",nbsp;,nbsp;,nbsp;," ",
3/30/2018," "," ",48.39,"Joe Panik (L)",3100,2B,2,SF,"LAD - A Wood (L)"," "," ",6,17.3,1.6,-0.6,1.9,2,4,6.6,,0.32,-0.016,0.061,-0.097,0.365,0.128,0.018,0.019,1,2,2,"Jim Reynolds",23,45,3.1,4,0.1,147,7,43,30,66,2,"To Left",0.54,3," "," "," ",nbsp;,nbsp;,nbsp;,nbsp;," "," "," ",-49," ",137,202,88,33,44,21,26,56,2.96,0.263,0.124," "," ",7.2,0,0,33,15,35,133,17,0,100,100,0,1,
3/30/2018," "," ",48.16,"Gerardo Parra (L)",3600,OF,7,COL,"ARI - R Ray (L)"," "," ",5.1,14.4,1.3,-2.21,1.4,0,1,7.31,,0.362,0.024,0.085,-0.078,0.447,0.213,0.026,0.014,1,1,2,"-0.1nbsp;Eric Cooper",6,53,3.7,4.4,-0.1,131,8,47,48,83,2,In,0.12,2," "," "," ",nbsp;,nbsp;,nbsp;,nbsp;," "," "," ",46," ",110,213,91,29,47,22,34,61,2.82,0.283,0.157," "," ",7.9,-100,-0.3,37,13,35,102,3,-100,0,0,100,1,
3/30/2018," "," ",48.1,"Chad Pinder (R)",3100,2B/SS,9,OAK,"LAA - T Skaggs (L)"," "," ",6.9,22.5,1.7,0.3,2.2,2,4,6.6,,0.318,0.008,0.165,-0.064,0.412,0.306,0.052,0.017,1,3,2,"Lance Barksdale",13,23,4.6,4.6,0,-104,9,46,26,65,3,"To Right",0.63,3," "," "," ",nbsp;,nbsp;,nbsp;,nbsp;," "," "," "," "," ",75,224,92,39,40,19,33,50,3.14,0.339,0.176," "," ",7,0,0.6,38,20,41,70," "," ",nbsp;,nbsp;,nbsp;," ",
3/30/2018," "," ",48.02,"Robinson Chirinos (R)",3100,C,7,TEX,"HOU - D Keuchel (L)"," "," ",5.7,18.6,1.4,-0.9,1.8,2,4,6.6,,0.465,0.122,0.296,0.045,0.662,0.254,0.066,0.006,1,0,0,"Ron Kulpa",23,44,3.7,4.9,-0.3,164,8.5,30,26,65,6,In,0.48,0," "," "," ",nbsp;,nbsp;,nbsp;,nbsp;," "," "," ",50," ",79,222,91,45,41,13,35,47,3.43,0.273,0.118," "," ",7.4,0,0.5,35,23,40,84,0,0,0,0,100,1,
3/30/2018," "," ",47.86,"Elvis Andrus (R)",3800,SS,3,TEX,"HOU - D Keuchel (L)"," "," ",7.1,22.5,1.7,-0.49,1.9,2,4,7.59,,0.342,-0.001,0.191,0.03,0.478,0.154,0.029,0.146,1,1,2,"Ron Kulpa",42,44,3.7,4.9,-0.3,164,8.5,30,26,65,6,In,0.48,0," "," "," ",nbsp;,nbsp;,nbsp;,nbsp;," "," "," ",-47," ",157,205,90,31,48,19,30,61,2.83,0.273,0.118," "," ",8.9,-200,0.6,40,20,35,159,12,-200,100,0,0,1,
3/30/2018," "," ",47.79,"Buster Posey (R)",3800,1B/C,4,SF,"LAD - A Wood (L)"," "," ",5.7,16.1,1.5,-1.89,1.5,2,4,7.59,,0.453,0.101,0.215,0.098,0.577,0.138,0.025,0.032,1,2,2,"Jim Reynolds",13,28,3.1,4,0.1,147,7,43,30,66,2,"To Left",0.54,3," "," "," ",nbsp;,nbsp;,nbsp;,nbsp;," "," "," ",42," ",137,217,91,33,43,23,33,56,2.96,0.263,0.124," "," ",7.7,500,0,38,13,31,134,4,500,0,0,0,1,
3/30/2018," "," ",47.66,"Evan Longoria (R)",3500,3B,5,SF,"LAD - A Wood (L)"," "," ",5.7,17.1,1.4,-1.47,1.6,0,1,7.17,,0.284,-0.047,0.152,-0.019,0.366,0.226,0.033,0.031,1,1,2,"Jim Reynolds",23,28,3.1,4,0.1,147,7,43,30,66,2,"To Left",0.54,3," "," "," ",nbsp;,nbsp;,nbsp;,nbsp;," "," "," ",50," ",155,207,90,36,43,19,34,54,3.08,0.263,0.124," "," ",7.2,300,-0.5,35,14,41,156,0,300,0,0,100,1,
3/30/2018," "," ",47.6,"Miguel Rojas (R)",2800,2B/SS,7,MIA,"CHC - K Hendricks (R)"," "," ",4.6,11.7,1.3,-1.58,1.6,0,1,6.18,,0.352,0.059,0.076,-0.038,0.405,0.124,0.004,0.02,1,0,0,"-0.8nbsp;Hunter Wendelstedt",35,14,3.5,5.1,0.1,180,8.5,28,46,77,7,"Right To Left",0.64,2," "," "," ",nbsp;,nbsp;,nbsp;,nbsp;," "," "," ",34," ",80,183,85,27,48,24,20,63,2.76,0.291,0.131," "," ",6.1,100,0.3,38,13,30,76,5,100,0,0,0,1,
3/30/2018," "," ",47.56,"Starlin Castro (R)",4000,2B/SS,3,MIA,"CHC - K Hendricks (R)"," "," ",5.9,17.4,1.5,-1.97,1.5,2,4,7.87,,0.339,-0.019,0.174,0.034,0.47,0.207,0.039,0.014,1,1,2,"-0.8nbsp;Hunter Wendelstedt",17,14,3.5,5.1,0.1,180,8.5,28,46,77,7,"Right To Left",0.64,2," "," "," ",nbsp;,nbsp;,nbsp;,nbsp;," "," "," ",-70," ",111,195,88,28,51,20,29,64,2.8,0.291,0.131," "," ",8,400,0.3,32,15,28,125,11,400,100,0,0,1,
3/30/2018," "," ",47.4,"Kevin Pillar (R)",2900,OF,8,TOR,"NYY - M Tanaka (R)"," "," ",5.8,18.1,1.4,-0.52,2,0,1,6.32,,0.276,-0.122,0.124,-0.101,0.359,0.158,0.027,0.091,1,0,0,"-0.1nbsp;Paul Nauert",35,63,4,4.6,-0.2,125,8.5,28,50,72,0,"NA - Closed Roof",0,0," "," "," ",nbsp;,nbsp;,nbsp;,nbsp;," "," "," ",-49," ",151,200,88,36,43,20,27,54,3.01,0.331,0.219," "," ",6.8,0,-0.1,37,17,40,149,14,0,100,100,0,1,
3/30/2018," "," ",47.24,"Chase Utley (L)",3200,2B,8,LAD,"SF - J Cueto (R)"," "," ",5.4,15.8,1.4,-1.34,1.7,0,1,6.74,,0.317,0.051,0.16,-0.022,0.401,0.174,0.026,0.036,1,2,2,"Jim Reynolds",29,45,4,3.1,-0.1,-160,7,57,30,66,2,"To Left",0.54,3," "," "," ",nbsp;,nbsp;,nbsp;,nbsp;," "," "," "," "," ",107,223,91,38,43,18,36,52,3.12,0.348,0.193," "," ",6.1,0,-0.7,31,16,40,86," "," ",nbsp;,nbsp;,nbsp;," ",
3/30/2018," "," ",46.8,"Rougned Odor (L)",3700,2B,8,TEX,"HOU - D Keuchel (L)"," "," ",5.8,18.9,1.4,-1.65,1.6,0,1,7.45,,0.214,-0.085,0.113,-0.11,0.265,0.252,0.049,0.091,1,0,0,"Ron Kulpa",17,65,3.7,4.9,-0.3,164,8.5,30,26,65,6,In,0.48,0," "," "," ",nbsp;,nbsp;,nbsp;,nbsp;," "," "," ",34," ",158,209,91,41,42,16,36,50,3.37,0.273,0.118," "," ",6.9,200,-0.7,31,16,47,160,5,200,0,0,0,1,
3/30/2018," "," ",46.38,"Brad Miller (L)",2900,2B,6,TB,"BOS - D Price (L)"," "," ",5.3,15.5,1.4,-1.02,1.8,0,1,6.32,,0.3,-0.002,0.165,0.033,0.392,0.316,0.027,0.04,1,2,2,"+0.3nbsp;Lazaro Diaz",29,23,3.4,4.2,0.1,135,7.5,25,50,72,0,"NA - Closed Roof",0,0," "," "," ",nbsp;,nbsp;,nbsp;,nbsp;," "," "," "," "," ",101,210,91,35,47,16,38,57,3.04,0.279,0.122," "," ",6.3,0,-0.5,33,11,34,96," "," ",nbsp;,nbsp;,nbsp;," ",
3/30/2018," "," ",46.1,"Brian Anderson (R)",3000,3B,5,MIA,"CHC - K Hendricks (R)"," "," ",4.9,12.7,1.3,-1.56,1.6,2,4,6.46,,0.358,0.101,0.157,0.12,0.451,0.294,0,0,1,2,2,"-0.8nbsp;Hunter Wendelstedt",23,14,3.5,5.1,0.1,180,8.5,28,46,77,7,"Right To Left",0.64,2," "," "," ",nbsp;,nbsp;,nbsp;,nbsp;," "," "," ",-49," ",24,200,89,22,49,28,29,68,2.62,0.291,0.131," "," ",6.8,0,1.1,50,25,25,20,14,0,100,100,0,1,
3/30/2018," "," ",45.96,"Martin Maldonado (R)",2900,C,9,LAA,"OAK - S Manaea (L)"," "," ",5,14.9,1.3,-1.32,1.7,2,4,6.32,,0.269,0.001,0.081,-0.066,0.297,0.315,0.029,0,1,2,2,"Lance Barksdale",23,23,4.6,4.6,0.1,-104,9,54,26,65,3,"To Right",0.63,3," "," "," ",nbsp;,nbsp;,nbsp;,nbsp;," "," "," ",-48," ",129,199,88,35,50,14,26,58,3.07,0.329,0.159," "," ",5,0,-0.9,31,12,52,132,13,0,100,100,0,1,
3/30/2018," "," ",44.8,"Ryan Rua (R)",2600,1B/OF,9,TEX,"HOU - D Keuchel (L)"," "," ",4.5,12.4,1.2,-1.4,1.7,0,1,5.9,,0.313,0.047,0.119,-0.004,0.39,0.356,0.024,0.021,1,0,0,"Ron Kulpa",42,44,3.7,4.9,-0.3,164,8.5,30,26,65,6,In,0.48,0," "," "," ",nbsp;,nbsp;,nbsp;,nbsp;," "," "," ",50," ",40,204,89,29,43,26,37,59,2.84,0.273,0.118," "," ",5.2,0,-1,27,13,51,37,0,0,0,0,100,1,
3/30/2018," "," ",44.34,"Chad Wallach (R)",2200,C,8,MIA,"CHC - K Hendricks (R)"," "," ",3.6,9.7,1,-1.73,1.6,0,1,5.33,,0.175,0.175,0,0,0.2,0.4,0,0,1,0,0,"-0.8nbsp;Hunter Wendelstedt",70,14,3.5,5.1,0.1,180,8.5,28,46,77,7,"Right To Left",0.64,2," "," "," ",nbsp;,nbsp;,nbsp;,nbsp;," "," "," ",0," "," "," "," ",nbsp;,nbsp;,nbsp;,nbsp;,nbsp;," ",0.291,0.131," "," ",0.7,0,-4.7,0,0,100,3,2,0,0,0,100,1,
3/30/2018," "," ",43.28,"Daniel Robertson (R)",2800,SS,8,TB,"BOS - D Price (L)"," "," ",4.4,11.4,1.2,-1.78,1.6,0,1,6.18,,0.283,-0.003,0.138,0.031,0.323,0.385,0.023,0.009,1,1,2,"+0.3nbsp;Lazaro Diaz",29,4,3.4,4.2,0.1,135,7.5,25,50,72,0,"NA - Closed Roof",0,0," "," "," ",nbsp;,nbsp;,nbsp;,nbsp;," "," "," ",42," ",68,201,90,36,45,17,33,55,3,0.279,0.122," "," ",5.3,0,-0.5,30,11,30,68,4,0,0,0,0,1,
3/30/2018," "," ",42.44,"Chris Iannetta (R)",3600,C,8,COL,"ARI - R Ray (L)"," "," ",5.3,17.7,1.2,-2.01,1.5,0,1,7.31,,0.409,0.056,0.263,-0.003,0.563,0.263,0.064,0,1,1,2,"-0.1nbsp;Eric Cooper",4,50,3.7,4.4,-0.1,131,8,47,48,83,2,In,0.12,2," "," "," ",nbsp;,nbsp;,nbsp;,nbsp;," "," "," ",-31," ",81,224,90,42,37,20,35,46,3.44,0.283,0.157," "," ",8.1,400,1.3,42,23,32,73,9,400,100,0,0,1,
3/30/2018," "," ",41.98,"Brandon Belt (L)",3100,1B/OF,7,SF,"LAD - A Wood (L)"," "," ",5.2,16.5,1.3,-1.4,1.7,0,1,6.6,,0.303,-0.064,0.168,-0.068,0.384,0.288,0.043,0.018,1,1,2,"Jim Reynolds",35,45,3.1,4,0.1,147,7,43,30,66,2,"To Left",0.54,3," "," "," ",nbsp;,nbsp;,nbsp;,nbsp;," "," "," ",46," ",99,230,93,46,30,22,38,40,3.4,0.263,0.124," "," ",8.3,0,0.6,43,17,32,101,3,0,0,0,100,1,
3/30/2018," "," ",40.68,"Hunter Pence (R)",3100,OF,6,SF,"LAD - A Wood (L)"," "," ",5.1,14.2,1.4,-1.5,1.6,0,1,6.6,,0.334,0.042,0.133,0.016,0.422,0.133,0.025,0.014,1,1,2,"Jim Reynolds",35,28,3.1,4,0.1,147,7,43,30,66,2,"To Left",0.54,3," "," "," ",nbsp;,nbsp;,nbsp;,nbsp;," "," "," ",-31," ",130,201,89,29,57,13,29,66,2.84,0.263,0.124," "," ",6.8,0,-0.4,37,14,41,124,8,0,100,0,0,1,
3/30/2018," "," ",40.66,"Adeiny Hechavarria (R)",2600,3B/SS,7,TB,"BOS - D Price (L)"," "," ",4.9,13.3,1.3,-1,1.9,0,1,5.9,,0.329,0.034,0.205,0.069,0.474,0.179,0.025,0.035,1,1,2,"+0.3nbsp;Lazaro Diaz",49,4,3.4,4.2,0.1,135,7.5,25,50,72,0,"NA - Closed Roof",0,0," "," "," ",nbsp;,nbsp;,nbsp;,nbsp;," "," "," ",-42," ",95,195,90,31,49,19,35,61,2.75,0.279,0.122," "," ",6,0,-0.1,41,18,40,91,8,0,100,0,0,1,
3/30/2018," "," ",40.56,"Rob Refsnyder (R)",2600,1B/2B,9,TB,"BOS - D Price (L)"," "," ",3.8,9.9,1,-2.1,1.5,0,1,5.9,,0.186,-0.054,0,-0.07,0.074,0.185,0,0.038,1,1,2,"+0.3nbsp;Lazaro Diaz",42,4,3.4,4.2,0.1,135,7.5,25,50,72,0,"NA - Closed Roof",0,0," "," "," ",nbsp;,nbsp;,nbsp;,nbsp;," "," "," ",42," ",34,194,88,30,56,12,16,64,2.79,0.279,0.122," "," ",3.6,100,-2.8,27,0,63,22,4,100,0,0,0,1,
